File Name,Status,Score,Triggered Flags
file_0_bfsvc.exe,BENIGN,6.39,"F1, F3, F6, F9"
file_100_Microsoft.VisualBasic.Compatibility.dll,BENIGN,-3.09,"F1, F3, F9"
file_101_Microsoft.VisualBasic.Compatibility.Data.dll,BENIGN,-2.45,"F1, F3, F9"
file_102_Microsoft.VisualBasic.Vsa.dll,BENIGN,-10.0,"F1, F9"
file_103_Microsoft.VisualC.Dll,BENIGN,-10.0,"F1, F9"
file_104_Microsoft.VisualC.STLCLR.dll,BENIGN,-10.0,"F1, F9"
file_105_Microsoft.Vsa.dll,BENIGN,-3.09,"F1, F3, F9"
file_106_Microsoft.Vsa.Vb.CodeDOMProcessor.dll,BENIGN,-3.12,"F1, F3, F9"
file_107_Microsoft.WSMan.Management.dll,BENIGN,4.9,"F3, F9, F11"
file_108_Microsoft.WSMan.Management.resources.dll,BENIGN,-10.0,"F1, F9"
file_109_Microsoft.WSMan.Runtime.dll,BENIGN,-10.0,"F1, F9"
file_10_winhlp32.exe,BENIGN,-3.13,"F1, F3, F9"
file_110_Microsoft_VsaVb.dll,BENIGN,-10.0,"F1, F9"
file_111_MMCEx.dll,BENIGN,4.03,"F3, F9, F11"
file_112_MMCEx.Resources.dll,BENIGN,-10.0,"F1, F9"
file_113_MMCFxCommon.dll,BENIGN,-2.39,"F1, F3, F9"
file_114_MMCFxCommon.Resources.dll,BENIGN,-10.0,"F1, F9"
file_115_PresentationBuildTasks.dll,BENIGN,4.47,"F3, F9, F11"
file_116_PresentationCFFRasterizer.dll,BENIGN,-10.0,"F1, F9"
file_117_PresentationFontCache.exe,BENIGN,-10.0,"F1, F9"
file_118_PresentationFramework.dll,BENIGN,5.5,"F3, F9, F11"
file_119_PresentationFramework.Aero.dll,BENIGN,4.86,"F3, F9, F11"
file_11_write.exe,BENIGN,-1.6,"F1, F6, F9"
file_120_PresentationFramework.Classic.dll,BENIGN,5.22,"F3, F9, F11"
file_121_PresentationFramework.Luna.dll,BENIGN,5.97,"F3, F9, F11"
file_122_PresentationFramework.Royale.dll,BENIGN,4.99,"F3, F9, F11"
file_123_PresentationUI.dll,BENIGN,8.29,"F3, F9, F11"
file_124_ReachFramework.dll,BENIGN,5.25,"F3, F9, F11"
file_125_Sentinel.v3.5Client.dll,BENIGN,-10.0,"F1, F9"
file_126_SMdiagnostics.dll,BENIGN,-2.12,"F1, F3, F9"
file_127_SMSvcHost.exe,BENIGN,-2.76,"F1, F3, F9"
file_128_sysglobl.dll,BENIGN,-2.92,"F1, F3, F9"
file_129_System.dll,BENIGN,5.48,"F3, F9, F11"
file_12_pyshellext.amd64.dll,BENIGN,44.6,"F3, F6, F9, F11"
file_130_System.AddIn.dll,BENIGN,4.4,"F3, F9, F11"
file_131_System.AddIn.Contract.dll,BENIGN,-10.0,"F1, F9"
file_132_System.ComponentModel.DataAnnotations.dll,BENIGN,-10.0,"F1, F9"
file_133_System.configuration.dll,BENIGN,-2.8,"F1, F3, F9"
file_134_System.Configuration.Install.dll,BENIGN,-10.0,"F1, F9"
file_135_System.Core.dll,BENIGN,4.28,"F3, F9, F11"
file_136_System.Data.DataSetExtensions.dll,BENIGN,-3.2,"F1, F3, F9"
file_137_System.Data.Entity.dll,BENIGN,5.79,"F3, F9, F11"
file_138_System.Data.Entity.Design.dll,BENIGN,4.01,"F3, F9, F11"
file_139_System.Data.Linq.dll,BENIGN,5.07,"F3, F9, F11"
file_13_twain_32.dll,BENIGN,19.43,"F3, F9, F11"
file_140_System.Data.Services.dll,BENIGN,3.98,"F3, F9, F11"
file_141_System.Data.Services.Client.dll,BENIGN,4.25,"F3, F9, F11"
file_142_System.Data.Services.Design.dll,BENIGN,4.32,"F3, F9, F11"
file_143_System.Data.SqlXml.dll,BENIGN,5.4,"F3, F9, F11"
file_144_System.Deployment.dll,BENIGN,7.03,"F3, F9, F11"
file_145_System.Design.dll,BENIGN,3.77,"F3, F9, F11"
file_146_System.DirectoryServices.dll,BENIGN,5.68,"F3, F9, F11"
file_147_System.DirectoryServices.AccountManagement.dll,BENIGN,4.89,"F3, F9, F11"
file_148_System.DirectoryServices.Protocols.dll,BENIGN,4.49,"F3, F9, F11"
file_149_System.Drawing.dll,BENIGN,4.72,"F3, F9, F11"
file_14_AcRes.dll,BENIGN,45.0,"F1, F5, F6, F9, F10"
file_150_System.Drawing.Design.dll,BENIGN,-2.78,"F1, F3, F9"
file_151_System.IdentityModel.dll,BENIGN,4.24,"F3, F9, F11"
file_152_System.IdentityModel.Selectors.dll,BENIGN,-10.0,"F1, F9"
file_153_System.IO.Log.dll,BENIGN,4.38,"F3, F9, F11"
file_154_System.Management.dll,BENIGN,4.93,"F3, F9, F11"
file_155_System.Management.Automation.dll,BENIGN,4.26,"F3, F9, F11"
file_156_System.Management.Automation.Resources.dll,BENIGN,-10.0,"F1, F9"
file_157_System.Management.Instrumentation.dll,BENIGN,4.19,"F3, F9, F11"
file_158_System.Messaging.dll,BENIGN,5.59,"F3, F9, F11"
file_159_System.Net.dll,BENIGN,-10.0,"F1, F9"
file_15_Microsoft.DirectX.dll,BENIGN,10.4,"F3, F11"
file_160_System.Runtime.Remoting.dll,BENIGN,5.22,"F3, F9, F11"
file_161_System.Runtime.Serialization.dll,BENIGN,4.06,"F3, F9, F11"
file_162_System.Runtime.Serialization.Formatters.Soap.dll,BENIGN,-3.04,"F1, F3, F9"
file_163_System.Security.dll,BENIGN,5.72,"F3, F9, F11"
file_164_System.ServiceModel.dll,BENIGN,5.03,"F3, F9, F11"
file_165_System.ServiceModel.Install.dll,BENIGN,-10.0,"F1, F9"
file_166_System.ServiceModel.WasHosting.dll,BENIGN,-10.0,"F1, F9"
file_167_System.ServiceModel.Web.dll,BENIGN,4.52,"F3, F9, F11"
file_168_System.ServiceProcess.dll,BENIGN,-2.53,"F1, F3, F9"
file_169_System.Speech.dll,BENIGN,-1.5,"F3, F11"
file_16_Microsoft.DirectX.AudioVideoPlayback.dll,BENIGN,0.05,"F3, F11"
file_170_System.Web.Abstractions.dll,BENIGN,-10.0,"F1, F9"
file_171_System.Web.DynamicData.dll,BENIGN,4.84,"F3, F9, F11"
file_172_System.Web.DynamicData.Design.dll,BENIGN,-10.0,"F1, F9"
file_173_System.Web.Entity.dll,BENIGN,-2.93,"F1, F3, F9"
file_174_System.Web.Entity.Design.dll,BENIGN,-2.91,"F1, F3, F9"
file_175_System.Web.Extensions.dll,BENIGN,5.68,"F3, F9, F11"
file_176_System.Web.Extensions.Design.dll,BENIGN,4.34,"F3, F9, F11"
file_177_System.Web.Mobile.dll,BENIGN,4.03,"F3, F9, F11"
file_178_System.Web.RegularExpressions.dll,BENIGN,-10.0,"F1, F9"
file_179_System.Web.Routing.dll,BENIGN,-3.12,"F1, F3, F9"
file_17_Microsoft.DirectX.Diagnostics.dll,BENIGN,-8.06,"F1, F3"
file_180_System.Web.Services.dll,BENIGN,-3.33,"F1, F3, F9"
file_181_System.Windows.Forms.dll,BENIGN,5.93,"F3, F9, F11"
file_182_System.Windows.Presentation.dll,BENIGN,-2.92,"F1, F3, F9"
file_183_System.Workflow.Activities.dll,BENIGN,5.77,"F3, F9, F11"
file_184_System.Workflow.ComponentModel.dll,BENIGN,5.67,"F3, F9, F11"
file_185_System.Workflow.Runtime.dll,BENIGN,-3.03,"F1, F3, F9"
file_186_System.WorkflowServices.dll,BENIGN,6.0,"F3, F9, F11"
file_187_System.XML.dll,BENIGN,5.3,"F3, F9, F11"
file_188_System.Xml.Linq.dll,BENIGN,-2.58,"F1, F3, F9"
file_189_UIAutomationClient.dll,BENIGN,5.09,"F3, F9, F11"
file_18_Microsoft.DirectX.Direct3D.dll,BENIGN,0.26,"F3, F11"
file_190_UIAutomationClientsideProviders.dll,BENIGN,5.26,"F3, F9, F11"
file_191_UIAutomationProvider.dll,BENIGN,-10.0,"F1, F9"
file_192_UIAutomationTypes.dll,BENIGN,-10.0,"F1, F9"
file_193_WindowsBase.dll,BENIGN,4.45,"F3, F9, F11"
file_194_WindowsFormsIntegration.dll,BENIGN,-2.48,"F1, F3, F9"
file_195_WsatConfig.exe,BENIGN,3.91,"F3, F9, F11"
file_196_Accessibility.ni.dll,BENIGN,-3.0,"F1, F9, F10"
file_197_CustomMarshalers.ni.dll,BENIGN,51.38,"F3, F9, F10, F11"
file_198_Microsoft.PowerShell.Security.ni.dll,BENIGN,54.08,"F3, F9, F10, F11"
file_199_Microsoft.PowerShell.Commands.Utility.ni.dll,BENIGN,56.0,"F3, F9, F10, F11"
file_19_Microsoft.DirectX.Direct3DX.dll,BENIGN,14.54,"F3, F11"
file_1_explorer.exe,BENIGN,54.62,"F3, F6, F9, F11"
file_200_Microsoft.PowerShell.Commands.Management.ni.dll,BENIGN,56.51,"F3, F9, F10, F11"
file_201_Microsoft.PowerShell.Commands.Diagnostics.ni.dll,BENIGN,55.5,"F3, F9, F10, F11"
file_202_Microsoft.PowerShell.ConsoleHost.ni.dll,BENIGN,56.62,"F3, F9, F10, F11"
file_203_Microsoft.VisualBasic.ni.dll,BENIGN,57.05,"F3, F9, F10, F11"
file_204_Microsoft.WSMan.Management.ni.dll,BENIGN,56.4,"F3, F9, F10, F11"
file_205_Microsoft.WSMan.Runtime.ni.dll,BENIGN,-3.0,"F1, F9, F10"
file_206_mscorlib.ni.dll,BENIGN,57.11,"F3, F9, F10, F11"
file_207_PresentationCore.ni.dll,BENIGN,57.0,"F3, F9, F10, F11"
file_208_PresentationFramework.ni.dll,BENIGN,57.4,"F3, F9, F10, F11"
file_209_PresentationFramework.Aero.ni.dll,BENIGN,55.4,"F3, F9, F10, F11"
file_20_Microsoft.DirectX.Direct3DX.dll,BENIGN,14.86,"F3, F11"
file_210_srmlib.ni.dll,BENIGN,13.45,"F1, F3, F9, F10"
file_211_System.ni.dll,BENIGN,56.96,"F3, F9, F10, F11"
file_212_System.Configuration.Install.ni.dll,BENIGN,52.24,"F3, F9, F10, F11"
file_213_System.Configuration.ni.dll,BENIGN,55.63,"F3, F9, F10, F11"
file_214_System.Core.ni.dll,BENIGN,56.23,"F3, F9, F10, F11"
file_215_System.Data.ni.dll,BENIGN,56.88,"F3, F9, F10, F11"
file_216_System.Data.SqlXml.ni.dll,BENIGN,56.86,"F3, F9, F10, F11"
file_217_System.Deployment.ni.dll,BENIGN,56.37,"F3, F9, F10, F11"
file_218_System.DirectoryServices.ni.dll,BENIGN,56.8,"F3, F9, F10, F11"
file_219_System.Drawing.ni.dll,BENIGN,56.61,"F3, F9, F10, F11"
file_21_Microsoft.DirectX.Direct3DX.dll,BENIGN,0.85,"F3, F11"
file_220_System.EnterpriseServices.ni.dll,BENIGN,55.96,"F3, F9, F10, F11"
file_221_System.EnterpriseServices.Wrapper.dll,BENIGN,52.28,"F3, F9, F10, F11"
file_222_System.Management.ni.dll,BENIGN,56.75,"F3, F9, F10, F11"
file_223_System.Messaging.ni.dll,BENIGN,56.35,"F3, F9, F10, F11"
file_224_System.Runtime.Remoting.ni.dll,BENIGN,56.74,"F3, F9, F10, F11"
file_225_System.Runtime.Serialization.Formatters.Soap.ni.dll,BENIGN,55.54,"F3, F9, F10, F11"
file_226_System.Security.ni.dll,BENIGN,56.57,"F3, F9, F10, F11"
file_227_System.ServiceProcess.ni.dll,BENIGN,55.39,"F3, F9, F10, F11"
file_228_System.Transactions.ni.dll,BENIGN,54.28,"F3, F9, F10, F11"
file_229_System.Web.ni.dll,BENIGN,57.02,"F3, F9, F10, F11"
file_22_Microsoft.DirectX.Direct3DX.dll,BENIGN,0.92,"F3, F11"
file_230_System.Web.Services.ni.dll,BENIGN,56.17,"F3, F9, F10, F11"
file_231_System.Windows.Forms.ni.dll,BENIGN,56.72,"F3, F9, F10, F11"
file_232_System.Xml.ni.dll,BENIGN,57.29,"F3, F9, F10, F11"
file_233_WindowsBase.ni.dll,BENIGN,56.41,"F3, F9, F10, F11"
file_234_Accessibility.ni.dll,BENIGN,43.41,"F1, F3, F6, F9, F10"
file_235_CustomMarshalers.ni.dll,BENIGN,43.52,"F1, F3, F6, F9, F10"
file_236_Microsoft.Ink.ni.dll,BENIGN,58.32,"F3, F6, F9, F10, F11"
file_237_Microsoft.PowerShell.Commands.Diagnostics.ni.dll,BENIGN,53.53,"F3, F6, F9, F10, F11"
file_238_Microsoft.PowerShell.ConsoleHost.ni.dll,BENIGN,60.5,"F3, F6, F9, F10, F11"
file_239_Microsoft.PowerShell.Commands.Utility.ni.dll,BENIGN,52.68,"F3, F6, F9, F10, F11"
file_23_Microsoft.DirectX.Direct3DX.dll,BENIGN,0.86,"F3, F11"
file_240_Microsoft.PowerShell.Security.ni.dll,BENIGN,52.07,"F3, F6, F9, F10, F11"
file_241_Microsoft.PowerShell.Commands.Management.ni.dll,BENIGN,54.0,"F3, F6, F9, F10, F11"
file_242_Microsoft.VisualBasic.ni.dll,BENIGN,61.45,"F3, F6, F9, F10, F11"
file_243_Microsoft.WSMan.Management.ni.dll,BENIGN,54.61,"F3, F6, F9, F10, F11"
file_244_Microsoft.WSMan.Runtime.ni.dll,BENIGN,35.4,"F1, F6, F9, F10"
file_245_mscorlib.ni.dll,BENIGN,64.08,"F3, F6, F9, F10, F11"
file_246_PresentationCore.ni.dll,BENIGN,63.86,"F3, F6, F9, F10, F11"
file_247_PresentationFramework.ni.dll,BENIGN,61.53,"F3, F6, F9, F10, F11"
file_248_PresentationFramework.Aero.ni.dll,BENIGN,52.83,"F3, F6, F9, F10, F11"
file_249_srmlib.ni.dll,BENIGN,51.08,"F1, F3, F6, F9, F10"
file_24_Microsoft.DirectX.Direct3DX.dll,BENIGN,0.87,"F3, F11"
file_250_System.ni.dll,BENIGN,64.18,"F3, F6, F9, F10, F11"
file_251_System.Configuration.Install.ni.dll,BENIGN,51.37,"F3, F6, F9, F10, F11"
file_252_System.Configuration.ni.dll,BENIGN,53.78,"F3, F6, F9, F10, F11"
file_253_System.Core.ni.dll,BENIGN,59.2,"F3, F6, F9, F10, F11"
file_254_System.Data.ni.dll,BENIGN,64.28,"F3, F6, F9, F10, F11"
file_255_System.DirectoryServices.ni.dll,BENIGN,61.07,"F3, F6, F9, F10, F11"
file_256_System.Drawing.ni.dll,BENIGN,60.24,"F3, F6, F9, F10, F11"
file_257_System.Management.ni.dll,BENIGN,60.9,"F3, F6, F9, F10, F11"
file_258_System.Management.Automation.ni.dll,BENIGN,60.55,"F3, F6, F9, F10, F11"
file_259_System.Runtime.Remoting.ni.dll,BENIGN,54.28,"F3, F6, F9, F10, F11"
file_25_Microsoft.DirectX.Direct3DX.dll,BENIGN,0.86,"F3, F11"
file_260_System.ServiceProcess.ni.dll,BENIGN,58.54,"F3, F6, F9, F10, F11"
file_261_System.Transactions.ni.dll,BENIGN,52.67,"F3, F6, F9, F10, F11"
file_262_System.Web.ni.dll,BENIGN,64.42,"F3, F6, F9, F10, F11"
file_263_System.Web.Services.ni.dll,BENIGN,53.49,"F3, F6, F9, F10, F11"
file_264_System.Windows.Forms.ni.dll,BENIGN,64.02,"F3, F6, F9, F10, F11"
file_265_System.Xml.ni.dll,BENIGN,54.57,"F3, F6, F9, F10, F11"
file_266_WindowsBase.ni.dll,BENIGN,59.69,"F3, F6, F9, F10, F11"
file_267_AuditPolicyGPManagedStubs.Interop.ni.dll,BENIGN,4.56,"F1, F3, F9, F10"
file_268_EventViewer.ni.dll,BENIGN,54.78,"F3, F9, F10, F11"
file_269_Microsoft.ApplicationId.RuleWizard.ni.dll,BENIGN,52.91,"F3, F9, F10, F11"
file_26_Microsoft.DirectX.Direct3DX.dll,BENIGN,0.85,"F3, F11"
file_270_Microsoft.ApplicationId.Framework.ni.dll,BENIGN,54.86,"F3, F9, F10, F11"
file_271_Microsoft.Dtc.PowerShell.ni.dll,BENIGN,54.62,"F3, F9, F10, F11"
file_272_Microsoft.GroupPolicy.AdmTmplEditor.ni.dll,BENIGN,56.34,"F3, F9, F10, F11"
file_273_Microsoft.Isam.Esent.Interop.Wsa.ni.dll,BENIGN,55.12,"F3, F9, F10, F11"
file_274_Microsoft.Isam.Esent.Interop.ni.dll,BENIGN,55.5,"F3, F9, F10, F11"
file_275_Microsoft.Management.Infrastructure.ni.dll,BENIGN,55.82,"F3, F9, F10, F11"
file_276_Microsoft.ManagementConsole.ni.dll,BENIGN,55.73,"F3, F9, F10, F11"
file_277_Microsoft.PowerShell.Core.Activities.ni.dll,BENIGN,56.92,"F3, F9, F10, F11"
file_278_Microsoft.PowerShell.Utility.Activities.ni.dll,BENIGN,56.91,"F3, F9, F10, F11"
file_279_Microsoft.PowerShell.Commands.Diagnostics.ni.dll,BENIGN,56.49,"F3, F9, F10, F11"
file_27_Microsoft.DirectX.Direct3DX.dll,BENIGN,0.88,"F3, F11"
file_280_Microsoft.PowerShell.Diagnostics.Activities.ni.dll,BENIGN,56.79,"F3, F9, F10, F11"
file_281_Microsoft.PowerShell.Activities.ni.dll,BENIGN,57.39,"F3, F9, F10, F11"
file_282_Microsoft.PowerShell.Security.Activities.ni.dll,BENIGN,55.66,"F3, F9, F10, F11"
file_283_Microsoft.PowerShell.Management.Activities.ni.dll,BENIGN,56.94,"F3, F9, F10, F11"
file_284_Microsoft.PowerShell.Workflow.ServiceCore.ni.dll,BENIGN,56.88,"F3, F9, F10, F11"
file_285_Microsoft.Security.ApplicationId.PolicyManagement.PolicyModel.ni.dll,BENIGN,55.3,"F3, F9, F10, F11"
file_286_Microsoft.Security.ApplicationId.PolicyManagement.PolicyEngineApi.Interop.ni.dll,BENIGN,50.04,"F3, F9, F10, F11"
file_287_Microsoft.Security.ApplicationId.PolicyManagement.PolicyManager.ni.dll,BENIGN,55.6,"F3, F9, F10, F11"
file_288_Microsoft.Security.ApplicationId.PolicyManagement.Cmdlets.ni.dll,BENIGN,55.58,"F3, F9, F10, F11"
file_289_Microsoft.Security.ApplicationId.Wizards.AutomaticRuleGenerationWizard.ni.dll,BENIGN,56.86,"F3, F9, F10, F11"
file_28_Microsoft.DirectX.Direct3DX.dll,BENIGN,0.87,"F3, F11"
file_290_Microsoft.Security.ApplicationId.PolicyManagement.XmlHelper.ni.dll,BENIGN,50.03,"F3, F9, F10, F11"
file_291_Microsoft.Windows.Diagnosis.Commands.UpdateDiagRootcause.ni.dll,BENIGN,11.71,"F1, F3, F9, F10"
file_292_Microsoft.WSMan.Runtime.ni.dll,BENIGN,-3.0,"F1, F9, F10"
file_293_Microsoft.Windows.Diagnosis.TroubleshootingPack.ni.dll,BENIGN,53.26,"F3, F9, F10, F11"
file_294_Microsoft.Windows.Diagnosis.Commands.GetDiagInput.ni.dll,BENIGN,4.69,"F1, F3, F9, F10"
file_295_Microsoft.Windows.Diagnosis.Commands.WriteDiagProgress.ni.dll,BENIGN,10.62,"F1, F3, F9, F10"
file_296_Microsoft.Windows.Diagnosis.Commands.WriteDiagTelemetry.ni.dll,BENIGN,-3.0,"F1, F9, F10"
file_297_Microsoft.Windows.Diagnosis.SDHost.ni.dll,BENIGN,4.27,"F1, F3, F9, F10"
file_298_Microsoft.WindowsSearch.Commands.ni.dll,BENIGN,52.22,"F3, F9, F10, F11"
file_299_Microsoft.Windows.Diagnosis.Commands.UpdateDiagReport.ni.dll,BENIGN,4.32,"F1, F3, F9, F10"
file_29_Microsoft.DirectX.DirectDraw.dll,BENIGN,-0.4,"F3, F11"
file_2_HelpPane.exe,BENIGN,7.51,"F1, F3, F6, F9"
file_300_Microsoft.WSMan.Management.Activities.ni.dll,BENIGN,56.72,"F3, F9, F10, F11"
file_301_Microsoft.Windows.Diagnosis.SDCommon.ni.dll,BENIGN,4.42,"F1, F3, F9, F10"
file_302_MMCEx.ni.dll,BENIGN,55.74,"F3, F9, F10, F11"
file_303_MMCFxCommon.ni.dll,BENIGN,53.59,"F3, F9, F10, F11"
file_304_mscorlib.ni.dll,BENIGN,57.44,"F3, F9, F10, F11"
file_305_napinit.ni.dll,BENIGN,52.07,"F3, F9, F10, F11"
file_306_PresentationFramework.ni.dll,BENIGN,57.8,"F3, F9, F10, F11"
file_307_PresentationFramework.Aero2.ni.dll,BENIGN,56.1,"F3, F9, F10, F11"
file_308_PresentationCore.ni.dll,BENIGN,57.2,"F3, F9, F10, F11"
file_309_SecurityAuditPoliciesSnapIn.ni.dll,BENIGN,52.59,"F3, F9, F10, F11"
file_30_Microsoft.DirectX.DirectInput.dll,BENIGN,1.28,"F3, F11"
file_310_SrpUxSnapIn.ni.dll,BENIGN,56.91,"F3, F9, F10, F11"
file_311_System.ni.dll,BENIGN,57.24,"F3, F9, F10, F11"
file_312_System.Configuration.ni.dll,BENIGN,57.27,"F3, F9, F10, F11"
file_313_System.Core.ni.dll,BENIGN,56.49,"F3, F9, F10, F11"
file_314_System.Net.Http.ni.dll,BENIGN,56.85,"F3, F9, F10, F11"
file_315_System.Runtime.WindowsRuntime.UI.Xaml.ni.dll,BENIGN,51.47,"F3, F9, F10, F11"
file_316_System.Runtime.Serialization.ni.dll,BENIGN,57.3,"F3, F9, F10, F11"
file_317_System.Xaml.ni.dll,BENIGN,56.76,"F3, F9, F10, F11"
file_318_System.Xml.ni.dll,BENIGN,57.74,"F3, F9, F10, F11"
file_319_System.Xml.Linq.ni.dll,BENIGN,56.59,"F3, F9, F10, F11"
file_31_Microsoft.DirectX.DirectPlay.dll,BENIGN,-0.68,"F3, F11"
file_320_TaskScheduler.ni.dll,BENIGN,58.39,"F3, F9, F10, F11"
file_321_WindowsBase.ni.dll,BENIGN,56.84,"F3, F9, F10, F11"
file_322_Accessibility.ni.dll,BENIGN,50.63,"F3, F6, F9, F10, F11"
file_323_AuditPolicyGPManagedStubs.Interop.ni.dll,BENIGN,35.4,"F1, F6, F9, F10"
file_324_CustomMarshalers.ni.dll,BENIGN,43.3,"F1, F3, F6, F9, F10"
file_325_EventViewer.ni.dll,BENIGN,52.85,"F3, F6, F9, F10, F11"
file_326_Microsoft.ApplicationId.RuleWizard.ni.dll,BENIGN,51.67,"F3, F6, F9, F10, F11"
file_327_Microsoft.ApplicationId.Framework.ni.dll,BENIGN,53.0,"F3, F6, F9, F10, F11"
file_328_Microsoft.CertificateServices.PKIClient.Cmdlets.ni.dll,BENIGN,53.4,"F3, F6, F9, F10, F11"
file_329_Microsoft.ConfigCI.Commands.ni.dll,BENIGN,53.55,"F3, F6, F9, F10, F11"
file_32_Microsoft.DirectX.DirectSound.dll,BENIGN,0.73,"F3, F11"
file_330_Microsoft.Dtc.PowerShell.ni.dll,BENIGN,52.46,"F3, F6, F9, F10, F11"
file_331_Microsoft.GroupPolicy.Interop.ni.dll,BENIGN,53.83,"F3, F6, F9, F10, F11"
file_332_Microsoft.GroupPolicy.Reporting.ni.dll,BENIGN,52.67,"F3, F6, F9, F10, F11"
file_333_Microsoft.GroupPolicy.AdmTmplEditor.ni.dll,BENIGN,53.58,"F3, F6, F9, F10, F11"
file_334_Microsoft.Isam.Esent.Interop.Wsa.ni.dll,BENIGN,52.61,"F3, F6, F9, F10, F11"
file_335_Microsoft.InternationalSettings.Commands.ni.dll,BENIGN,50.9,"F3, F6, F9, F10, F11"
file_336_Microsoft.Isam.Esent.Interop.ni.dll,BENIGN,52.95,"F3, F6, F9, F10, F11"
file_337_Microsoft.KeyDistributionService.Cmdlets.ni.dll,BENIGN,51.95,"F3, F6, F9, F10, F11"
file_338_Microsoft.Management.Infrastructure.Native.ni.dll,BENIGN,52.66,"F3, F6, F9, F10, F11"
file_339_Microsoft.Management.Infrastructure.ni.dll,BENIGN,53.04,"F3, F6, F9, F10, F11"
file_33_CustomMarshalers.dll,BENIGN,5.99,"F3, F9, F11"
file_340_Microsoft.Management.Infrastructure.CimCmdlets.ni.dll,BENIGN,53.1,"F3, F6, F9, F10, F11"
file_341_Microsoft.ManagementConsole.ni.dll,BENIGN,53.26,"F3, F6, F9, F10, F11"
file_342_Microsoft.PowerShell.Core.Activities.ni.dll,BENIGN,52.73,"F3, F6, F9, F10, F11"
file_343_Microsoft.PowerShell.Utility.Activities.ni.dll,BENIGN,52.49,"F3, F6, F9, F10, F11"
file_344_Microsoft.PowerShell.GPowerShell.ni.dll,BENIGN,53.15,"F3, F6, F9, F10, F11"
file_345_Microsoft.PowerShell.Editor.ni.dll,BENIGN,53.24,"F3, F6, F9, F10, F11"
file_346_Microsoft.PowerShell.Commands.Diagnostics.ni.dll,BENIGN,54.08,"F3, F6, F9, F10, F11"
file_347_Microsoft.PowerShell.Diagnostics.Activities.ni.dll,BENIGN,52.65,"F3, F6, F9, F10, F11"
file_348_Microsoft.PowerShell.ScheduledJob.ni.dll,BENIGN,53.77,"F3, F6, F9, F10, F11"
file_349_Microsoft.PowerShell.Commands.Utility.ni.dll,BENIGN,49.38,"F3, F6, F9, F10, F11"
file_34_ISymWrapper.dll,BENIGN,6.55,"F3, F9, F11"
file_350_Microsoft.PowerShell.Activities.ni.dll,BENIGN,54.26,"F3, F6, F9, F10, F11"
file_351_Microsoft.PowerShell.Security.ni.dll,BENIGN,53.95,"F3, F6, F9, F10, F11"
file_352_Microsoft.PowerShell.Security.Activities.ni.dll,BENIGN,52.36,"F3, F6, F9, F10, F11"
file_353_Microsoft.PowerShell.Management.Activities.ni.dll,BENIGN,52.71,"F3, F6, F9, F10, F11"
file_354_Microsoft.PowerShell.Cmdletization.OData.ni.dll,BENIGN,52.94,"F3, F6, F9, F10, F11"
file_355_Microsoft.PowerShell.Commands.Management.ni.dll,BENIGN,54.29,"F3, F6, F9, F10, F11"
file_356_Microsoft.PowerShell.ConsoleHost.ni.dll,BENIGN,54.55,"F3, F6, F9, F10, F11"
file_357_Microsoft.PowerShell.GraphicalHost.ni.dll,BENIGN,53.37,"F3, F6, F9, F10, F11"
file_358_Microsoft.PowerShell.ISECommon.ni.dll,BENIGN,51.77,"F3, F6, F9, F10, F11"
file_359_Microsoft.PowerShell.Workflow.ServiceCore.ni.dll,BENIGN,53.66,"F3, F6, F9, F10, F11"
file_35_Microsoft.Ink.dll,BENIGN,4.58,"F3, F9, F11"
file_360_Microsoft.Security.ApplicationId.PolicyManagement.PolicyModel.ni.dll,BENIGN,52.94,"F3, F6, F9, F10, F11"
file_361_Microsoft.SecureBoot.Commands.ni.dll,BENIGN,51.53,"F3, F6, F9, F10, F11"
file_362_Microsoft.Security.ApplicationId.PolicyManagement.PolicyEngineApi.Interop.ni.dll,BENIGN,43.33,"F1, F3, F6, F9, F10"
file_363_Microsoft.Security.ApplicationId.PolicyManagement.PolicyManager.ni.dll,BENIGN,52.92,"F3, F6, F9, F10, F11"
file_364_Microsoft.Security.ApplicationId.PolicyManagement.Cmdlets.ni.dll,BENIGN,52.95,"F3, F6, F9, F10, F11"
file_365_Microsoft.Security.ApplicationId.Wizards.AutomaticRuleGenerationWizard.ni.dll,BENIGN,55.43,"F3, F6, F9, F10, F11"
file_366_Microsoft.Security.ApplicationId.PolicyManagement.XmlHelper.ni.dll,BENIGN,43.48,"F1, F3, F6, F9, F10"
file_367_Microsoft.Tpm.Commands.ni.dll,BENIGN,52.57,"F3, F6, F9, F10, F11"
file_368_Microsoft.VisualBasic.ni.dll,BENIGN,54.88,"F3, F6, F9, F10, F11"
file_369_Microsoft.Windows.Diagnosis.Commands.UpdateDiagRootcause.ni.dll,BENIGN,42.3,"F1, F3, F6, F9, F10"
file_36_Microsoft.Interop.Security.AzRoles.dll,BENIGN,-2.72,"F1, F3, F9"
file_370_Microsoft.WSMan.Runtime.ni.dll,BENIGN,35.4,"F1, F6, F9, F10"
file_371_Microsoft.Windows.DSC.CoreConfProviders.ni.dll,BENIGN,54.35,"F3, F6, F9, F10, F11"
file_372_Microsoft.WindowsAuthenticationProtocols.Commands.ni.dll,BENIGN,52.61,"F3, F6, F9, F10, F11"
file_373_Microsoft.Windows.Diagnosis.TroubleshootingPack.ni.dll,BENIGN,52.49,"F3, F6, F9, F10, F11"
file_374_Microsoft.Windows.Diagnosis.Commands.GetDiagInput.ni.dll,BENIGN,43.3,"F1, F3, F6, F9, F10"
file_375_Microsoft.Windows.Diagnosis.Commands.WriteDiagProgress.ni.dll,BENIGN,42.21,"F1, F3, F6, F9, F10"
file_376_Microsoft.Windows.Diagnosis.Commands.WriteDiagTelemetry.ni.dll,BENIGN,35.4,"F1, F6, F9, F10"
file_377_Microsoft.Windows.Diagnosis.SDHost.ni.dll,BENIGN,35.4,"F1, F6, F9, F10"
file_378_Microsoft.WindowsSearch.Commands.ni.dll,BENIGN,50.85,"F3, F6, F9, F10, F11"
file_379_Microsoft.Windows.Diagnosis.Commands.UpdateDiagReport.ni.dll,BENIGN,42.54,"F1, F3, F6, F9, F10"
file_37_Microsoft.Transactions.Bridge.Dtc.dll,BENIGN,-2.63,"F1, F3, F9"
file_380_Microsoft.Windows.Diagnosis.SDEngine.ni.dll,BENIGN,42.9,"F1, F3, F6, F9, F10"
file_381_Microsoft.WSMan.Management.ni.dll,BENIGN,54.84,"F3, F6, F9, F10, F11"
file_382_Microsoft.WSMan.Management.Activities.ni.dll,BENIGN,52.31,"F3, F6, F9, F10, F11"
file_383_Microsoft.Windows.Diagnosis.SDCommon.ni.dll,BENIGN,42.94,"F1, F3, F6, F9, F10"
file_384_MIGUIControls.ni.dll,BENIGN,53.52,"F3, F6, F9, F10, F11"
file_385_MMCEx.ni.dll,BENIGN,52.97,"F3, F6, F9, F10, F11"
file_386_MMCFxCommon.ni.dll,BENIGN,51.53,"F3, F6, F9, F10, F11"
file_387_mscorlib.ni.dll,BENIGN,54.67,"F3, F6, F9, F10, F11"
file_388_napcrypt.ni.dll,BENIGN,51.19,"F3, F6, F9, F10, F11"
file_389_napinit.ni.dll,BENIGN,51.1,"F3, F6, F9, F10, F11"
file_38_MSBuild.exe,BENIGN,4.43,"F3, F9, F11"
file_390_PresentationFramework.ni.dll,BENIGN,55.25,"F3, F6, F9, F10, F11"
file_391_PresentationFramework.Aero2.ni.dll,BENIGN,54.18,"F3, F6, F9, F10, F11"
file_392_PresentationCore.ni.dll,BENIGN,54.11,"F3, F6, F9, F10, F11"
file_393_SecurityAuditPoliciesSnapIn.ni.dll,BENIGN,51.25,"F3, F6, F9, F10, F11"
file_394_SrpUxSnapIn.ni.dll,BENIGN,55.27,"F3, F6, F9, F10, F11"
file_395_System.ni.dll,BENIGN,54.47,"F3, F6, F9, F10, F11"
file_396_System.Configuration.Install.ni.dll,BENIGN,52.11,"F3, F6, F9, F10, F11"
file_397_System.Configuration.ni.dll,BENIGN,54.72,"F3, F6, F9, F10, F11"
file_398_System.Core.ni.dll,BENIGN,53.15,"F3, F6, F9, F10, F11"
file_399_System.Data.ni.dll,BENIGN,54.48,"F3, F6, F9, F10, F11"
file_39_mscorlib.dll,BENIGN,6.98,"F3, F9, F11"
file_3_hh.exe,BENIGN,-1.6,"F1, F6, F9"
file_400_System.DirectoryServices.ni.dll,BENIGN,54.79,"F3, F6, F9, F10, F11"
file_401_System.Drawing.ni.dll,BENIGN,54.06,"F3, F6, F9, F10, F11"
file_402_System.Management.Automation.ni.dll,BENIGN,53.74,"F3, F6, F9, F10, F11"
file_403_System.Management.ni.dll,BENIGN,54.42,"F3, F6, F9, F10, F11"
file_404_System.Net.Http.ni.dll,BENIGN,53.86,"F3, F6, F9, F10, F11"
file_405_System.Runtime.Remoting.ni.dll,BENIGN,54.91,"F3, F6, F9, F10, F11"
file_406_System.Runtime.WindowsRuntime.UI.Xaml.ni.dll,BENIGN,51.1,"F3, F6, F9, F10, F11"
file_407_System.Runtime.Serialization.ni.dll,BENIGN,54.47,"F3, F6, F9, F10, F11"
file_408_System.ServiceProcess.ni.dll,BENIGN,52.72,"F3, F6, F9, F10, F11"
file_409_System.ServiceModel.ni.dll,BENIGN,54.13,"F3, F6, F9, F10, F11"
file_40_PresentationCore.dll,BENIGN,12.06,"F3, F9, F11"
file_410_System.Transactions.ni.dll,BENIGN,52.87,"F3, F6, F9, F10, F11"
file_411_System.Web.Services.ni.dll,BENIGN,53.87,"F3, F6, F9, F10, F11"
file_412_System.Windows.Forms.ni.dll,BENIGN,53.83,"F3, F6, F9, F10, F11"
file_413_System.Xaml.ni.dll,BENIGN,53.72,"F3, F6, F9, F10, F11"
file_414_System.Xml.ni.dll,BENIGN,55.24,"F3, F6, F9, F10, F11"
file_415_System.Xml.Linq.ni.dll,BENIGN,53.49,"F3, F6, F9, F10, F11"
file_416_TaskScheduler.ni.dll,BENIGN,57.66,"F3, F6, F9, F10, F11"
file_417_WindowsBase.ni.dll,BENIGN,53.8,"F3, F6, F9, F10, F11"
file_418_PresentationFramework.ni.dll,BENIGN,55.25,"F3, F6, F9, F10, F11"
file_419_PresentationFramework.Aero2.ni.dll,BENIGN,54.18,"F3, F6, F9, F10, F11"
file_41_wpfgfx_v0300.dll,BENIGN,20.01,"F3, F9, F11"
file_420_System.Core.ni.dll,BENIGN,56.49,"F3, F9, F10, F11"
file_421_System.Xaml.ni.dll,BENIGN,53.72,"F3, F6, F9, F10, F11"
file_422_Accessibility.ni.dll,BENIGN,50.63,"F3, F6, F9, F10, F11"
file_423_System.Runtime.Serialization.ni.dll,BENIGN,54.47,"F3, F6, F9, F10, F11"
file_424_System.ni.dll,BENIGN,54.47,"F3, F6, F9, F10, F11"
file_425_System.Xml.ni.dll,BENIGN,55.24,"F3, F6, F9, F10, F11"
file_426_System.Drawing.ni.dll,BENIGN,54.06,"F3, F6, F9, F10, F11"
file_427_Newtonsoft.Json.ni.dll,BENIGN,53.79,"F3, F6, F9, F10, F11"
file_428_PresentationCore.ni.dll,BENIGN,54.11,"F3, F6, F9, F10, F11"
file_429_System.Configuration.ni.dll,BENIGN,54.72,"F3, F6, F9, F10, F11"
file_42_srmlib.dll,BENIGN,-2.23,"F1, F3, F9"
file_430_System.Windows.Forms.ni.dll,BENIGN,53.83,"F3, F6, F9, F10, F11"
file_431_System.Management.ni.dll,BENIGN,57.17,"F3, F9, F10, F11"
file_432_System.ServiceModel.ni.dll,BENIGN,54.13,"F3, F6, F9, F10, F11"
file_433_System.Management.ni.dll,BENIGN,54.42,"F3, F6, F9, F10, F11"
file_434_System.Configuration.Install.ni.dll,BENIGN,52.11,"F3, F6, F9, F10, F11"
file_435_System.Core.ni.dll,BENIGN,53.15,"F3, F6, F9, F10, F11"
file_436_System.Xml.Linq.ni.dll,BENIGN,53.49,"F3, F6, F9, F10, F11"
file_437_WindowsBase.ni.dll,BENIGN,53.8,"F3, F6, F9, F10, F11"
file_438_System.ServiceProcess.ni.dll,BENIGN,52.72,"F3, F6, F9, F10, F11"
file_439_System.ni.dll,BENIGN,57.24,"F3, F9, F10, F11"
file_43_System.Data.dll,BENIGN,5.86,"F3, F9, F11"
file_440_System.Data.ni.dll,BENIGN,54.48,"F3, F6, F9, F10, F11"
file_441_kdnet_uart16550.dll,BENIGN,35.4,"F1, F6, F9, F10"
file_442_kdstub.dll,BENIGN,43.34,"F1, F3, F6, F9, F10"
file_443_kd_02_10df.dll,BENIGN,42.64,"F1, F3, F6, F9, F10"
file_444_kd_02_10ec.dll,BENIGN,50.63,"F3, F6, F9, F10, F11"
file_445_kd_02_1137.dll,BENIGN,35.4,"F1, F6, F9, F10"
file_446_kd_02_14e4.dll,BENIGN,50.83,"F3, F6, F9, F10, F11"
file_447_kd_02_15b3.dll,BENIGN,42.79,"F1, F3, F6, F9, F10"
file_448_kd_02_1969.dll,BENIGN,42.79,"F1, F3, F6, F9, F10"
file_449_kd_02_19a2.dll,BENIGN,42.64,"F1, F3, F6, F9, F10"
file_44_System.Data.OracleClient.dll,BENIGN,5.81,"F3, F9, F11"
file_450_kd_02_1af4.dll,BENIGN,35.4,"F1, F6, F9, F10"
file_451_kd_02_8086.dll,BENIGN,60.91,"F3, F6, F9, F10, F11"
file_452_kd_07_1415.dll,BENIGN,35.4,"F1, F6, F9, F10"
file_453_kd_0C_8086.dll,BENIGN,51.02,"F1, F3, F6, F9, F10"
file_454_bootspaces.dll,BENIGN,51.55,"F3, F10, F11"
file_455_memtest.exe,BENIGN,15.07,"F3, F11"
file_456_bootuwf.dll,BENIGN,41.95,"F3, F10, F11"
file_457_bootvhd.dll,BENIGN,47.5,"F3, F10, F11"
file_458_bootres.dll,MALIGN,81.55,"F3, F5, F6, F9, F10, F11"
file_459_basebrd.dll,BENIGN,70.29,"F3, F5, F6, F9, F10, F11"
file_45_System.EnterpriseServices.dll,BENIGN,4.89,"F3, F9, F11"
file_460_shellbrd.dll,BENIGN,71.65,"F3, F5, F6, F9, F10, F11"
file_461_BrowserCore.exe,BENIGN,43.85,"F3, F6, F9, F11"
file_462_DiagPackage.dll,BENIGN,67.38,"F3, F5, F6, F9, F10, F11"
file_463_DiagPackage.dll,BENIGN,61.84,"F3, F5, F6, F9, F10, F11"
file_464_AudioDiagnosticSnapIn.dll,BENIGN,-2.79,"F1, F3, F9"
file_465_AudioDiagnosticUtil.dll,BENIGN,-1.6,"F1, F6, F9"
file_466_DiagPackage.dll,BENIGN,62.9,"F3, F5, F6, F9, F10, F11"
file_467_DiagPackage.dll,BENIGN,52.25,"F1, F3, F5, F6, F9, F10"
file_468_BluetoothDiagnosticUtil.dll,BENIGN,6.61,"F1, F3, F6, F9"
file_469_DiagPackage.dll,BENIGN,45.0,"F1, F5, F6, F9, F10"
file_46_System.EnterpriseServices.Wrapper.dll,BENIGN,15.57,"F3, F9, F11"
file_470_DiagPackage.dll,BENIGN,60.87,"F3, F5, F6, F9, F10, F11"
file_471_DiagPackage.dll,BENIGN,45.0,"F1, F5, F6, F9, F10"
file_472_DiagPackage.dll,BENIGN,69.02,"F3, F5, F6, F9, F10, F11"
file_473_DiagPackage.dll,BENIGN,65.78,"F3, F5, F6, F9, F10, F11"
file_474_DiagPackage.dll,BENIGN,45.0,"F1, F5, F6, F9, F10"
file_475_KeyboardDiagnostic.dll,BENIGN,-2.81,"F1, F3, F9"
file_476_DiagPackage.dll,BENIGN,70.77,"F3, F5, F6, F9, F10, F11"
file_477_NetworkDiagnosticSnapIn.dll,BENIGN,-2.7,"F1, F3, F9"
file_478_DiagPackage.dll,BENIGN,65.57,"F3, F5, F6, F9, F10, F11"
file_479_DiagPackage.dll,BENIGN,65.42,"F3, F5, F6, F9, F10, F11"
file_47_System.Printing.dll,BENIGN,5.63,"F3, F9, F11"
file_480_DiagPackage.dll,BENIGN,64.03,"F3, F5, F6, F9, F10, F11"
file_481_UpdatePrinterDriver.dll,BENIGN,5.42,"F1, F3, F6, F9"
file_482_DiagPackage.dll,BENIGN,67.42,"F3, F5, F6, F9, F10, F11"
file_483_DiagPackage.dll,BENIGN,65.08,"F3, F5, F6, F9, F10, F11"
file_484_SpeechDiagnosticUtil.dll,BENIGN,43.51,"F3, F6, F9, F11"
file_485_DiagPackage.dll,BENIGN,45.0,"F1, F5, F6, F9, F10"
file_486_VideoDiagnosticUtil.dll,BENIGN,6.35,"F1, F3, F6, F9"
file_487_DiagPackage.dll,BENIGN,62.92,"F3, F5, F6, F9, F10, F11"
file_488_DiagPackage.dll,BENIGN,63.91,"F3, F5, F6, F9, F10, F11"
file_489_DiagPackage.dll,BENIGN,67.63,"F3, F5, F6, F9, F10, F11"
file_48_System.Transactions.dll,BENIGN,4.33,"F3, F9, F11"
file_490_DiagPackage.dll,BENIGN,52.25,"F1, F3, F5, F6, F9, F10"
file_491_SPTIP.DLL,BENIGN,19.44,"F3, F9, F11"
file_492_mshwjpnrIME.dll,BENIGN,66.46,"F3, F5, F6, F9, F10, F11"
file_493_mshwkorrIME.dll,BENIGN,65.56,"F3, F5, F6, F9, F10, F11"
file_494_mshwchtrIME.dll,BENIGN,66.63,"F3, F5, F6, F9, F10, F11"
file_495_SystemSettings.exe,BENIGN,5.71,"F1, F3, F6, F9"
file_496_SystemSettings.dll,BENIGN,57.85,"F3, F6, F9, F11"
file_497_SystemSettingsViewModel.Desktop.dll,BENIGN,57.99,"F3, F6, F9, F11"
file_498_Telemetry.Common.dll,BENIGN,45.04,"F3, F6, F9, F11"
file_499_DIFxAPI.dll,BENIGN,45.05,"F3, F6, F9, F11"
file_49_System.Web.dll,BENIGN,5.47,"F3, F9, F11"
file_4_notepad.exe,BENIGN,57.94,"F3, F6, F9, F11"
file_500_AuditPolicyGPManagedStubs.Interop.dll,BENIGN,-10.0,"F1, F9"
file_501_CustomMarshalers.dll,BENIGN,14.3,"F3, F9, F11"
file_502_ISymWrapper.dll,BENIGN,6.8,"F3, F9, F11"
file_503_Microsoft.AppV.AppvClientComConsumer.dll,BENIGN,16.9,"F3, F9, F11"
file_504_Microsoft.AppV.AppvClientComConsumer.resources.dll,BENIGN,-10.0,"F1, F9"
file_505_Microsoft.CertificateServices.PKIClient.Cmdlets.dll,BENIGN,7.24,"F3, F9, F11"
file_506_Microsoft.ConfigCI.Commands.dll,BENIGN,6.27,"F3, F9, F11"
file_507_Microsoft.ConfigCI.Commands.Resources.dll,BENIGN,-10.0,"F1, F9"
file_508_Microsoft.GroupPolicy.AdmTmplEditor.dll,BENIGN,6.62,"F3, F9, F11"
file_509_Microsoft.GroupPolicy.AdmTmplEditor.Resources.dll,BENIGN,4.14,"F3, F9, F11"
file_50_CustomMarshalers.dll,BENIGN,5.87,"F3, F9, F11"
file_510_Microsoft.GroupPolicy.Interop.dll,BENIGN,7.25,"F3, F9, F11"
file_511_Microsoft.KeyDistributionService.Cmdlets.dll,BENIGN,6.74,"F3, F9, F11"
file_512_Microsoft.Management.Infrastructure.Native.dll,BENIGN,54.14,"F3, F5, F9, F10, F11"
file_513_Microsoft.SecureBoot.Commands.dll,BENIGN,4.84,"F3, F9, F11"
file_514_Microsoft.SecureBoot.Commands.Resources.dll,BENIGN,-10.0,"F1, F9"
file_515_Microsoft.Security.ApplicationId.PolicyManagement.PolicyEngineApi.Interop.dll,BENIGN,-10.0,"F1, F9"
file_516_Microsoft.Tpm.Commands.dll,BENIGN,4.34,"F3, F9, F11"
file_517_Microsoft.Tpm.Commands.Resources.dll,BENIGN,-10.0,"F1, F9"
file_518_Microsoft.Transactions.Bridge.Dtc.dll,BENIGN,5.15,"F3, F9, F11"
file_519_Microsoft.VisualBasic.Activities.Compiler.dll,BENIGN,19.45,"F3, F9, F11"
file_51_ISymWrapper.dll,BENIGN,6.28,"F3, F9, F11"
file_520_Microsoft.Windows.Diagnosis.SDEngine.dll,BENIGN,-10.0,"F1, F9"
file_521_Microsoft.WindowsAuthenticationProtocols.Commands.dll,BENIGN,6.94,"F3, F9, F11"
file_522_MSBuild.exe,BENIGN,14.89,"F3, F9, F11"
file_523_mscorlib.dll,BENIGN,19.02,"F3, F9, F11"
file_524_NAPCRYPT.DLL,BENIGN,7.31,"F3, F9, F11"
file_525_Policy.1.0.Microsoft.Interop.Security.AzRoles.dll,BENIGN,-3.13,"F1, F3, F9"
file_526_Policy.1.2.Microsoft.Interop.Security.AzRoles.dll,BENIGN,-3.17,"F1, F3, F9"
file_527_PresentationCore.dll,BENIGN,17.81,"F3, F9, F11"
file_528_System.Data.dll,BENIGN,17.82,"F3, F9, F11"
file_529_System.Data.OracleClient.dll,BENIGN,14.21,"F3, F9, F11"
file_52_Microsoft.Ink.dll,BENIGN,42.99,"F3, F6, F9, F11"
file_530_System.EnterpriseServices.dll,BENIGN,6.13,"F3, F9, F11"
file_531_System.EnterpriseServices.Wrapper.dll,BENIGN,18.83,"F3, F9, F11"
file_532_System.Printing.dll,BENIGN,5.86,"F3, F9, F11"
file_533_System.Transactions.dll,BENIGN,11.22,"F3, F9, F11"
file_534_System.Web.dll,BENIGN,17.83,"F3, F9, F11"
file_535_AuditPolicyGPManagedStubs.Interop.dll,BENIGN,-1.6,"F1, F6, F9"
file_536_CustomMarshalers.dll,BENIGN,52.35,"F3, F6, F9, F11"
file_537_ISymWrapper.dll,BENIGN,44.54,"F3, F6, F9, F11"
file_538_Microsoft.AppV.AppvClientComConsumer.dll,BENIGN,53.1,"F3, F6, F9, F11"
file_539_Microsoft.AppV.AppvClientComConsumer.resources.dll,BENIGN,-10.0,"F1, F9"
file_53_Microsoft.Interop.Security.AzRoles.dll,BENIGN,-2.72,"F1, F3, F9"
file_540_Microsoft.CertificateServices.PKIClient.Cmdlets.dll,BENIGN,44.57,"F3, F6, F9, F11"
file_541_Microsoft.ConfigCI.Commands.dll,BENIGN,61.28,"F3, F5, F6, F9, F10, F11"
file_542_Microsoft.ConfigCI.Commands.Resources.dll,BENIGN,-10.0,"F1, F9"
file_543_Microsoft.GroupPolicy.AdmTmplEditor.dll,BENIGN,43.46,"F3, F6, F9, F11"
file_544_Microsoft.GroupPolicy.AdmTmplEditor.Resources.dll,BENIGN,4.14,"F3, F9, F11"
file_545_Microsoft.GroupPolicy.Interop.dll,BENIGN,43.38,"F3, F6, F9, F11"
file_546_Microsoft.KeyDistributionService.Cmdlets.dll,BENIGN,5.09,"F1, F3, F6, F9"
file_547_Microsoft.Management.Infrastructure.Native.dll,BENIGN,52.38,"F3, F6, F9, F10, F11"
file_548_Microsoft.SecureBoot.Commands.dll,BENIGN,4.84,"F3, F9, F11"
file_549_Microsoft.SecureBoot.Commands.Resources.dll,BENIGN,-10.0,"F1, F9"
file_54_Microsoft.Transactions.Bridge.Dtc.dll,BENIGN,4.28,"F3, F9, F11"
file_550_Microsoft.Security.ApplicationId.PolicyManagement.PolicyEngineApi.Interop.dll,BENIGN,5.09,"F1, F3, F6, F9"
file_551_Microsoft.Tpm.Commands.dll,BENIGN,4.34,"F3, F9, F11"
file_552_Microsoft.Tpm.Commands.Resources.dll,BENIGN,-10.0,"F1, F9"
file_553_Microsoft.Transactions.Bridge.Dtc.dll,BENIGN,43.38,"F3, F6, F9, F11"
file_554_Microsoft.VisualBasic.Activities.Compiler.dll,BENIGN,57.44,"F3, F6, F9, F11"
file_555_Microsoft.Windows.Diagnosis.SDEngine.dll,BENIGN,-1.6,"F1, F6, F9"
file_556_Microsoft.WindowsAuthenticationProtocols.Commands.dll,BENIGN,5.57,"F1, F3, F6, F9"
file_557_MSBuild.exe,BENIGN,68.62,"F3, F5, F6, F9, F10, F11"
file_558_mscorlib.dll,BENIGN,74.01,"F3, F5, F6, F9, F10, F11"
file_559_NAPCRYPT.DLL,BENIGN,-1.6,"F1, F6, F9"
file_55_MSBuild.exe,BENIGN,51.5,"F3, F5, F9, F10, F11"
file_560_Policy.1.0.Microsoft.Interop.Security.AzRoles.dll,BENIGN,51.71,"F1, F3, F5, F6, F9, F10"
file_561_Policy.1.2.Microsoft.Interop.Security.AzRoles.dll,BENIGN,51.69,"F1, F3, F5, F6, F9, F10"
file_562_PresentationCore.dll,BENIGN,63.18,"F3, F6, F9, F10, F11"
file_563_System.Data.dll,BENIGN,56.12,"F3, F6, F9, F11"
file_564_System.Data.OracleClient.dll,BENIGN,44.21,"F3, F6, F9, F11"
file_565_System.EnterpriseServices.dll,BENIGN,61.14,"F3, F5, F6, F9, F10, F11"
file_566_System.EnterpriseServices.Wrapper.dll,BENIGN,52.95,"F3, F6, F9, F11"
file_567_System.Printing.dll,BENIGN,51.32,"F3, F6, F9, F10, F11"
file_568_System.Transactions.dll,BENIGN,42.71,"F3, F6, F9, F11"
file_569_System.Web.dll,BENIGN,73.04,"F3, F5, F6, F9, F10, F11"
file_56_mscorlib.dll,BENIGN,53.54,"F3, F5, F9, F10, F11"
file_570_Accessibility.dll,BENIGN,8.07,"F3, F9, F11"
file_571_ComSvcConfig.exe,BENIGN,4.68,"F3, F9, F11"
file_572_dfsvc.exe,BENIGN,-0.21,"F9, F11"
file_573_EventViewer.dll,BENIGN,5.91,"F3, F9, F11"
file_574_EventViewer.resources.dll,BENIGN,4.97,"F3, F9, F11"
file_575_Microsoft.Activities.Build.dll,BENIGN,5.61,"F3, F9, F11"
file_576_Microsoft.ApplicationId.Framework.dll,BENIGN,7.02,"F3, F9, F11"
file_577_Microsoft.ApplicationId.Framework.Resources.dll,BENIGN,-10.0,"F1, F9"
file_578_Microsoft.ApplicationId.RuleWizard.dll,BENIGN,3.8,"F3, F9, F11"
file_579_Microsoft.ApplicationId.RuleWizard.Resources.dll,BENIGN,-10.0,"F1, F9"
file_57_PresentationCore.dll,BENIGN,42.36,"F3, F9, F10, F11"
file_580_Microsoft.AppV.AppVClientWmi.dll,BENIGN,6.18,"F3, F9, F11"
file_581_Microsoft.AppV.AppVClientWmi.resources.dll,BENIGN,-10.0,"F1, F9"
file_582_Microsoft.BackgroundIntelligentTransfer.Management.dll,BENIGN,5.06,"F3, F9, F11"
file_583_Microsoft.BackgroundIntelligentTransfer.Management.resources.dll,BENIGN,-10.0,"F1, F9"
file_584_Microsoft.Build.dll,BENIGN,16.89,"F3, F9, F11"
file_585_Microsoft.Build.Conversion.v4.0.dll,BENIGN,4.32,"F3, F9, F11"
file_586_Microsoft.Build.Engine.dll,BENIGN,4.81,"F3, F9, F11"
file_587_Microsoft.Build.Framework.dll,BENIGN,16.57,"F3, F9, F11"
file_588_Microsoft.Build.Tasks.v4.0.dll,BENIGN,15.97,"F3, F9, F11"
file_589_Microsoft.Build.Utilities.v4.0.dll,BENIGN,16.89,"F3, F9, F11"
file_58_wpfgfx_v0300.dll,BENIGN,16.21,"F3, F9, F11"
file_590_Microsoft.CertificateServices.PKIClient.Cmdlets.Resources.dll,BENIGN,-10.0,"F1, F9"
file_591_Microsoft.CSharp.dll,BENIGN,16.34,"F3, F9, F11"
file_592_Microsoft.Dtc.PowerShell.dll,BENIGN,-3.01,"F1, F3, F9"
file_593_Microsoft.Dtc.PowerShell.Resources.dll,BENIGN,-10.0,"F1, F9"
file_594_Microsoft.GroupPolicy.Reporting.dll,BENIGN,-10.0,"F1, F9"
file_595_Microsoft.GroupPolicy.Reporting.Resources.dll,BENIGN,-10.0,"F1, F9"
file_596_Microsoft.Internal.Tasks.Dataflow.dll,BENIGN,6.99,"F3, F9, F11"
file_597_Microsoft.InternationalSettings.Commands.dll,BENIGN,-2.61,"F1, F3, F9"
file_598_Microsoft.Isam.Esent.Interop.dll,BENIGN,6.03,"F3, F9, F11"
file_599_Microsoft.Isam.Esent.Interop.Wsa.dll,BENIGN,5.81,"F3, F9, F11"
file_59_srmlib.dll,BENIGN,-2.23,"F1, F3, F9"
file_5_py.exe,BENIGN,19.27,"F3, F9, F11"
file_600_Microsoft.JScript.dll,BENIGN,5.33,"F3, F9, F11"
file_601_Microsoft.KeyDistributionService.Cmdlets.Resources.dll,BENIGN,-10.0,"F1, F9"
file_602_Microsoft.Management.Infrastructure.dll,BENIGN,6.36,"F3, F9, F11"
file_603_Microsoft.Management.Infrastructure.CimCmdlets.dll,BENIGN,5.09,"F3, F9, F11"
file_604_Microsoft.Management.Infrastructure.CimCmdlets.Resources.dll,BENIGN,-10.0,"F1, F9"
file_605_Microsoft.Management.Infrastructure.Resources.dll,BENIGN,-10.0,"F1, F9"
file_606_Microsoft.PowerShell.Activities.dll,BENIGN,5.5,"F3, F9, F11"
file_607_Microsoft.PowerShell.Activities.Resources.dll,BENIGN,-10.0,"F1, F9"
file_608_Microsoft.PowerShell.Cmdletization.OData.dll,BENIGN,4.58,"F3, F9, F11"
file_609_Microsoft.PowerShell.Cmdletization.OData.Resources.dll,BENIGN,-10.0,"F1, F9"
file_60_System.Data.dll,BENIGN,12.88,"F3, F9, F11"
file_610_Microsoft.PowerShell.Commands.Diagnostics.dll,BENIGN,5.61,"F3, F9, F11"
file_611_Microsoft.PowerShell.Commands.Diagnostics.resources.dll,BENIGN,-10.0,"F1, F9"
file_612_Microsoft.PowerShell.Commands.Management.dll,BENIGN,6.16,"F3, F9, F11"
file_613_Microsoft.PowerShell.Commands.Management.Resources.dll,BENIGN,-10.0,"F1, F9"
file_614_Microsoft.PowerShell.Commands.Utility.dll,BENIGN,-10.0,"F1, F9"
file_615_Microsoft.PowerShell.Commands.Utility.Resources.dll,BENIGN,-10.0,"F1, F9"
file_616_Microsoft.PowerShell.ConsoleHost.dll,BENIGN,5.62,"F3, F9, F11"
file_617_Microsoft.PowerShell.ConsoleHost.Resources.dll,BENIGN,-10.0,"F1, F9"
file_618_Microsoft.PowerShell.Core.Activities.dll,BENIGN,4.6,"F3, F9, F11"
file_619_Microsoft.PowerShell.Diagnostics.Activities.dll,BENIGN,-3.02,"F1, F3, F9"
file_61_System.Data.OracleClient.dll,BENIGN,5.26,"F3, F9, F11"
file_620_Microsoft.PowerShell.Editor.dll,BENIGN,5.81,"F3, F9, F11"
file_621_Microsoft.PowerShell.Editor.Resources.dll,BENIGN,12.59,"F3, F9, F11"
file_622_Microsoft.PowerShell.GPowerShell.dll,BENIGN,4.75,"F3, F9, F11"
file_623_Microsoft.PowerShell.Gpowershell.resources.dll,BENIGN,6.64,"F3, F9, F11"
file_624_Microsoft.PowerShell.GraphicalHost.dll,BENIGN,6.24,"F3, F9, F11"
file_625_Microsoft.PowerShell.GraphicalHost.Resources.dll,BENIGN,7.08,"F3, F9, F11"
file_626_Microsoft.PowerShell.ISECommon.dll,BENIGN,4.13,"F3, F9, F11"
file_627_Microsoft.PowerShell.ISECommon.resources.dll,BENIGN,-10.0,"F1, F9"
file_628_Microsoft.PowerShell.Management.Activities.dll,BENIGN,4.54,"F3, F9, F11"
file_629_Microsoft.PowerShell.ScheduledJob.dll,BENIGN,5.48,"F3, F9, F11"
file_62_System.EnterpriseServices.dll,BENIGN,51.57,"F3, F5, F9, F10, F11"
file_630_Microsoft.PowerShell.ScheduledJob.Resources.dll,BENIGN,-10.0,"F1, F9"
file_631_Microsoft.PowerShell.Security.dll,BENIGN,5.48,"F3, F9, F11"
file_632_Microsoft.PowerShell.Security.Activities.dll,BENIGN,-3.18,"F1, F3, F9"
file_633_Microsoft.PowerShell.Security.Resources.dll,BENIGN,-10.0,"F1, F9"
file_634_Microsoft.PowerShell.Utility.Activities.dll,BENIGN,4.33,"F3, F9, F11"
file_635_Microsoft.PowerShell.Utility.Activities.Resources.dll,BENIGN,-10.0,"F1, F9"
file_636_Microsoft.PowerShell.Workflow.ServiceCore.dll,BENIGN,4.01,"F3, F9, F11"
file_637_Microsoft.PowerShell.Workflow.ServiceCore.Resources.dll,BENIGN,-10.0,"F1, F9"
file_638_Microsoft.Security.ApplicationId.PolicyManagement.Cmdlets.dll,BENIGN,4.23,"F3, F9, F11"
file_639_Microsoft.Security.ApplicationId.PolicyManagement.Cmdlets.Resources.dll,BENIGN,-10.0,"F1, F9"
file_63_System.EnterpriseServices.Wrapper.dll,BENIGN,14.36,"F3, F9, F11"
file_640_Microsoft.Security.ApplicationId.PolicyManagement.PolicyManager.dll,BENIGN,4.49,"F3, F9, F11"
file_641_Microsoft.Security.ApplicationId.PolicyManagement.PolicyManager.Resources.dll,BENIGN,-10.0,"F1, F9"
file_642_Microsoft.Security.ApplicationId.PolicyManagement.PolicyModel.dll,BENIGN,6.34,"F3, F9, F11"
file_643_Microsoft.Security.ApplicationId.PolicyManagement.PolicyModel.Resources.dll,BENIGN,-10.0,"F1, F9"
file_644_Microsoft.Security.ApplicationId.PolicyManagement.XmlHelper.dll,BENIGN,-3.21,"F1, F3, F9"
file_645_Microsoft.Security.ApplicationId.Wizards.AutomaticRuleGenerationWizard.dll,BENIGN,10.19,"F3, F9, F11"
file_646_Microsoft.Security.ApplicationId.Wizards.AutomaticRuleGenerationWizard.resources.dll,BENIGN,10.69,"F3, F9, F11"
file_647_Microsoft.Tpm.dll,BENIGN,4.31,"F3, F9, F11"
file_648_microsoft.tpm.resources.dll,BENIGN,3.52,"F3, F9, F11"
file_649_Microsoft.Transactions.Bridge.dll,BENIGN,5.15,"F3, F9, F11"
file_64_System.Printing.dll,BENIGN,43.1,"F3, F9, F10, F11"
file_650_Microsoft.Uev.ManagedAgentWmi.dll,BENIGN,-2.98,"F1, F3, F9"
file_651_Microsoft.Uev.ManagedAgentWmi.WinRT.dll,BENIGN,-2.76,"F1, F3, F9"
file_652_Microsoft.VisualBasic.dll,BENIGN,15.8,"F3, F9, F11"
file_653_Microsoft.VisualBasic.Compatibility.dll,BENIGN,3.75,"F3, F9, F11"
file_654_Microsoft.VisualBasic.Compatibility.Data.dll,BENIGN,6.47,"F3, F9, F11"
file_655_Microsoft.VisualC.Dll,BENIGN,1.67,"F9, F11"
file_656_Microsoft.VisualC.STLCLR.dll,BENIGN,-1.6,"F9, F11"
file_657_Microsoft.Win32.Primitives.dll,BENIGN,2.16,"F9, F11"
file_658_Microsoft.Windows.ApplicationServer.Applications.dll,BENIGN,-2.62,"F1, F3, F9"
file_659_Microsoft.Windows.Appx.PackageManager.Commands.dll,BENIGN,6.01,"F3, F9, F11"
file_65_System.Transactions.dll,BENIGN,3.81,"F3, F9, F11"
file_660_Microsoft.Windows.Appx.PackageManager.Commands.Resources.dll,BENIGN,-10.0,"F1, F9"
file_661_Microsoft.Windows.DeveloperLicense.Commands.dll,BENIGN,-3.27,"F1, F3, F9"
file_662_Microsoft.Windows.DeveloperLicense.Commands.Resources.dll,BENIGN,-10.0,"F1, F9"
file_663_Microsoft.Windows.Diagnosis.Commands.GetDiagInput.dll,BENIGN,-10.0,"F1, F9"
file_664_Microsoft.Windows.Diagnosis.Commands.GetDiagInput.resources.dll,BENIGN,-10.0,"F1, F9"
file_665_Microsoft.Windows.Diagnosis.Commands.UpdateDiagReport.dll,BENIGN,-10.0,"F1, F9"
file_666_Microsoft.Windows.Diagnosis.Commands.UpdateDiagReport.resources.dll,BENIGN,-10.0,"F1, F9"
file_667_Microsoft.Windows.Diagnosis.Commands.UpdateDiagRootcause.dll,BENIGN,-10.0,"F1, F9"
file_668_Microsoft.Windows.Diagnosis.Commands.UpdateDiagRootcause.resources.dll,BENIGN,-10.0,"F1, F9"
file_669_Microsoft.Windows.Diagnosis.Commands.WriteDiagProgress.dll,BENIGN,-10.0,"F1, F9"
file_66_System.Web.dll,BENIGN,52.06,"F3, F5, F9, F10, F11"
file_670_Microsoft.Windows.Diagnosis.Commands.WriteDiagProgress.resources.dll,BENIGN,-10.0,"F1, F9"
file_671_Microsoft.Windows.Diagnosis.Commands.WriteDiagTelemetry.dll,BENIGN,-10.0,"F1, F9"
file_672_Microsoft.Windows.Diagnosis.Commands.WriteDiagTelemetry.resources.dll,BENIGN,-10.0,"F1, F9"
file_673_Microsoft.Windows.Diagnosis.SDCommon.dll,BENIGN,-10.0,"F1, F9"
file_674_Microsoft.Windows.Diagnosis.SDHost.dll,BENIGN,-10.0,"F1, F9"
file_675_Microsoft.Windows.Diagnosis.SDHost.resources.dll,BENIGN,-10.0,"F1, F9"
file_676_Microsoft.Windows.Diagnosis.TroubleshootingPack.dll,BENIGN,-3.08,"F1, F3, F9"
file_677_Microsoft.Windows.Diagnosis.TroubleshootingPack.resources.dll,BENIGN,-10.0,"F1, F9"
file_678_Microsoft.Windows.DSC.CoreConfProviders.dll,BENIGN,5.34,"F3, F9, F11"
file_679_Microsoft.Windows.DSC.CoreConfProviders.resources.dll,BENIGN,-10.0,"F1, F9"
file_67_Accessibility.dll,BENIGN,-2.78,"F1, F3, F9"
file_680_Microsoft.Windows.StartLayout.Commands.dll,BENIGN,-2.98,"F1, F3, F9"
file_681_Microsoft.Windows.StartLayout.Commands.Resources.dll,BENIGN,-10.0,"F1, F9"
file_682_Microsoft.windowsauthenticationprotocols.commands.resources.dll,BENIGN,-10.0,"F1, F9"
file_683_Microsoft.WindowsSearch.Commands.dll,BENIGN,-3.31,"F1, F3, F9"
file_684_Microsoft.WindowsSearch.Commands.Resources.dll,BENIGN,-10.0,"F1, F9"
file_685_Microsoft.Workflow.Compiler.exe,BENIGN,7.18,"F3, F9, F11"
file_686_Microsoft.WSMan.Management.dll,BENIGN,5.13,"F3, F9, F11"
file_687_Microsoft.WSMan.Management.Activities.dll,BENIGN,-3.17,"F1, F3, F9"
file_688_Microsoft.WSMan.Management.resources.dll,BENIGN,-10.0,"F1, F9"
file_689_Microsoft.WSMan.Runtime.dll,BENIGN,-10.0,"F1, F9"
file_68_AspNetMMCExt.dll,BENIGN,-3.32,"F1, F3, F9"
file_690_MIGUIControls.dll,BENIGN,5.47,"F3, F9, F11"
file_691_MIGUIControls.resources.dll,BENIGN,-10.0,"F1, F9"
file_692_NAPINIT.DLL,BENIGN,3.8,"F3, F9, F11"
file_693_napinit.Resources.dll,BENIGN,-10.0,"F1, F9"
file_694_netstandard.dll,BENIGN,-2.66,"F9, F11"
file_695_Policy.1.0.Microsoft.Powershell.Commands.Management.dll,BENIGN,-10.0,"F1, F9"
file_696_Policy.1.0.Microsoft.Powershell.Commands.Utility.dll,BENIGN,-10.0,"F1, F9"
file_697_Policy.1.0.Microsoft.Powershell.ConsoleHost.dll,BENIGN,-10.0,"F1, F9"
file_698_Policy.1.0.Microsoft.Powershell.Security.dll,BENIGN,-10.0,"F1, F9"
file_699_Policy.1.0.System.Management.Automation.dll,BENIGN,-10.0,"F1, F9"
file_69_ComSvcConfig.exe,BENIGN,4.15,"F3, F9, F11"
file_6_pyw.exe,BENIGN,19.26,"F3, F9, F11"
file_700_Policy.3.0.Microsoft.BackgroundIntelligentTransfer.Management.dll,BENIGN,-3.29,"F1, F3, F9"
file_701_PresentationBuildTasks.dll,BENIGN,4.71,"F3, F9, F11"
file_702_PresentationFramework.dll,BENIGN,18.36,"F3, F9, F11"
file_703_PresentationFramework-SystemCore.dll,BENIGN,6.14,"F3, F9, F11"
file_704_PresentationFramework-SystemData.dll,BENIGN,6.4,"F3, F9, F11"
file_705_PresentationFramework-SystemDrawing.dll,BENIGN,6.29,"F3, F9, F11"
file_706_PresentationFramework-SystemXml.dll,BENIGN,-0.41,"F9, F11"
file_707_PresentationFramework-SystemXmlLinq.dll,BENIGN,-0.17,"F9, F11"
file_708_PresentationFramework.Aero.dll,BENIGN,14.05,"F3, F9, F11"
file_709_PresentationFramework.Aero2.dll,BENIGN,6.47,"F3, F9, F11"
file_70_cscompmgd.dll,BENIGN,-3.07,"F1, F3, F9"
file_710_PresentationFramework.AeroLite.dll,BENIGN,6.95,"F3, F9, F11"
file_711_PresentationFramework.Classic.dll,BENIGN,7.0,"F3, F9, F11"
file_712_PresentationFramework.Luna.dll,BENIGN,14.03,"F3, F9, F11"
file_713_PresentationFramework.Royale.dll,BENIGN,6.6,"F3, F9, F11"
file_714_PresentationUI.dll,BENIGN,8.87,"F3, F9, F11"
file_715_ReachFramework.dll,BENIGN,5.13,"F3, F9, F11"
file_716_SecurityAuditPoliciesSnapIn.dll,BENIGN,4.21,"F3, F9, F11"
file_717_SecurityAuditPoliciesSnapIn.resources.dll,BENIGN,-3.24,"F1, F3, F9"
file_718_SMDiagnostics.dll,BENIGN,7.36,"F3, F9, F11"
file_719_SMSvcHost.exe,BENIGN,5.39,"F3, F9, F11"
file_71_dfsvc.exe,BENIGN,-10.0,"F1, F9"
file_720_SrpUxSnapIn.dll,BENIGN,9.72,"F3, F9, F11"
file_721_SrpUxSnapIn.resources.dll,BENIGN,9.02,"F3, F9, F11"
file_722_sysglobl.dll,BENIGN,5.56,"F3, F9, F11"
file_723_System.dll,BENIGN,17.49,"F3, F9, F11"
file_724_System.Activities.dll,BENIGN,16.46,"F3, F9, F11"
file_725_System.Activities.Core.Presentation.dll,BENIGN,13.39,"F3, F9, F11"
file_726_System.Activities.DurableInstancing.dll,BENIGN,13.75,"F3, F9, F11"
file_727_System.Activities.Presentation.dll,BENIGN,17.93,"F3, F9, F11"
file_728_System.AddIn.dll,BENIGN,5.79,"F3, F9, F11"
file_729_System.AddIn.Contract.dll,BENIGN,-2.33,"F9, F11"
file_72_IEExecRemote.dll,BENIGN,-2.7,"F1, F3, F9"
file_730_System.AppContext.dll,BENIGN,2.07,"F9, F11"
file_731_System.Collections.dll,BENIGN,1.46,"F9, F11"
file_732_System.Collections.Concurrent.dll,BENIGN,1.88,"F9, F11"
file_733_System.Collections.NonGeneric.dll,BENIGN,1.86,"F9, F11"
file_734_System.Collections.Specialized.dll,BENIGN,1.87,"F9, F11"
file_735_System.ComponentModel.dll,BENIGN,1.71,"F9, F11"
file_736_System.ComponentModel.Annotations.dll,BENIGN,1.54,"F9, F11"
file_737_System.ComponentModel.Composition.dll,BENIGN,16.78,"F3, F9, F11"
file_738_system.componentmodel.composition.registration.dll,BENIGN,7.28,"F3, F9, F11"
file_739_System.ComponentModel.DataAnnotations.dll,BENIGN,5.58,"F3, F9, F11"
file_73_IEHost.dll,BENIGN,-2.57,"F1, F3, F9"
file_740_System.ComponentModel.EventBasedAsync.dll,BENIGN,2.03,"F9, F11"
file_741_System.ComponentModel.Primitives.dll,BENIGN,1.72,"F9, F11"
file_742_System.ComponentModel.TypeConverter.dll,BENIGN,1.47,"F9, F11"
file_743_System.Configuration.dll,BENIGN,16.66,"F3, F9, F11"
file_744_System.Configuration.Install.dll,BENIGN,-2.06,"F9, F11"
file_745_System.Console.dll,BENIGN,1.7,"F9, F11"
file_746_System.Core.dll,BENIGN,15.73,"F3, F9, F11"
file_747_System.Data.Common.dll,BENIGN,1.72,"F9, F11"
file_748_System.Data.DataSetExtensions.dll,BENIGN,5.47,"F3, F9, F11"
file_749_System.Data.Entity.dll,BENIGN,17.01,"F3, F9, F11"
file_74_IIEHost.dll,BENIGN,-10.0,"F1, F9"
file_750_System.Data.Entity.Design.dll,BENIGN,13.24,"F3, F9, F11"
file_751_System.Data.Linq.dll,BENIGN,5.52,"F3, F9, F11"
file_752_System.Data.Services.dll,BENIGN,4.42,"F3, F9, F11"
file_753_System.Data.Services.Client.dll,BENIGN,5.42,"F3, F9, F11"
file_754_System.Data.Services.Design.dll,BENIGN,5.75,"F3, F9, F11"
file_755_System.Data.SqlXml.dll,BENIGN,13.92,"F3, F9, F11"
file_756_System.Deployment.dll,BENIGN,3.66,"F3, F9, F11"
file_757_System.Design.dll,BENIGN,13.26,"F3, F9, F11"
file_758_System.Device.dll,BENIGN,4.35,"F3, F9, F11"
file_759_System.Diagnostics.Contracts.dll,BENIGN,1.63,"F9, F11"
file_75_Microsoft.Build.Conversion.v3.5.dll,BENIGN,-3.11,"F1, F3, F9"
file_760_System.Diagnostics.Debug.dll,BENIGN,1.88,"F9, F11"
file_761_System.Diagnostics.FileVersionInfo.dll,BENIGN,2.19,"F9, F11"
file_762_System.Diagnostics.Process.dll,BENIGN,1.88,"F9, F11"
file_763_System.Diagnostics.StackTrace.dll,BENIGN,1.7,"F9, F11"
file_764_System.Diagnostics.TextWriterTraceListener.dll,BENIGN,1.79,"F9, F11"
file_765_System.Diagnostics.Tools.dll,BENIGN,1.73,"F9, F11"
file_766_System.Diagnostics.TraceSource.dll,BENIGN,1.95,"F9, F11"
file_767_System.Diagnostics.Tracing.dll,BENIGN,8.65,"F3, F9, F11"
file_768_System.DirectoryServices.dll,BENIGN,6.33,"F3, F9, F11"
file_769_System.DirectoryServices.AccountManagement.dll,BENIGN,5.74,"F3, F9, F11"
file_76_Microsoft.Build.Engine.dll,BENIGN,-2.94,"F1, F3, F9"
file_770_System.DirectoryServices.Protocols.dll,BENIGN,5.84,"F3, F9, F11"
file_771_System.Drawing.dll,BENIGN,15.59,"F3, F9, F11"
file_772_System.Drawing.Design.dll,BENIGN,5.84,"F3, F9, F11"
file_773_System.Drawing.Primitives.dll,BENIGN,1.71,"F9, F11"
file_774_System.Dynamic.dll,BENIGN,14.21,"F3, F9, F11"
file_775_System.Dynamic.Runtime.dll,BENIGN,1.8,"F9, F11"
file_776_System.Globalization.dll,BENIGN,1.84,"F9, F11"
file_777_System.Globalization.Calendars.dll,BENIGN,2.05,"F9, F11"
file_778_System.Globalization.Extensions.dll,BENIGN,1.76,"F9, F11"
file_779_System.IdentityModel.dll,BENIGN,12.94,"F3, F9, F11"
file_77_Microsoft.Build.Engine.dll,BENIGN,-2.7,"F1, F3, F9"
file_780_System.IdentityModel.Selectors.dll,BENIGN,4.57,"F3, F9, F11"
file_781_System.IdentityModel.Services.dll,BENIGN,5.52,"F3, F9, F11"
file_782_System.IO.dll,BENIGN,1.78,"F9, F11"
file_783_System.IO.Compression.dll,BENIGN,6.71,"F3, F9, F11"
file_784_System.IO.Compression.FileSystem.dll,BENIGN,6.76,"F3, F9, F11"
file_785_System.IO.Compression.ZipFile.dll,BENIGN,2.04,"F9, F11"
file_786_System.IO.FileSystem.dll,BENIGN,1.78,"F9, F11"
file_787_System.IO.FileSystem.DriveInfo.dll,BENIGN,9.06,"F3, F9, F11"
file_788_System.IO.FileSystem.Primitives.dll,BENIGN,1.74,"F9, F11"
file_789_System.IO.FileSystem.Watcher.dll,BENIGN,1.87,"F9, F11"
file_78_Microsoft.Build.Framework.dll,BENIGN,-10.0,"F1, F9"
file_790_System.IO.IsolatedStorage.dll,BENIGN,9.05,"F3, F9, F11"
file_791_System.IO.Log.dll,BENIGN,5.87,"F3, F9, F11"
file_792_System.IO.MemoryMappedFiles.dll,BENIGN,1.89,"F9, F11"
file_793_System.IO.Pipes.dll,BENIGN,1.78,"F9, F11"
file_794_System.IO.UnmanagedMemoryStream.dll,BENIGN,8.97,"F3, F9, F11"
file_795_System.Linq.dll,BENIGN,8.8,"F3, F9, F11"
file_796_System.Linq.Expressions.dll,BENIGN,1.55,"F9, F11"
file_797_System.Linq.Parallel.dll,BENIGN,1.75,"F9, F11"
file_798_System.Linq.Queryable.dll,BENIGN,1.76,"F9, F11"
file_799_System.Management.dll,BENIGN,5.47,"F3, F9, F11"
file_79_Microsoft.Build.Framework.dll,BENIGN,-3.01,"F1, F3, F9"
file_7_regedit.exe,BENIGN,51.65,"F3, F6, F9, F11"
file_800_System.Management.Automation.dll,BENIGN,5.36,"F3, F9, F11"
file_801_System.Management.Automation.Resources.dll,BENIGN,-10.0,"F1, F9"
file_802_System.Management.Instrumentation.dll,BENIGN,6.29,"F3, F9, F11"
file_803_System.Messaging.dll,BENIGN,6.34,"F3, F9, F11"
file_804_System.Net.dll,BENIGN,4.31,"F3, F9, F11"
file_805_System.Net.Http.dll,BENIGN,15.24,"F3, F9, F11"
file_806_System.Net.Http.Rtc.dll,BENIGN,1.75,"F9, F11"
file_807_System.Net.Http.WebRequest.dll,BENIGN,-1.18,"F9, F11"
file_808_System.Net.NameResolution.dll,BENIGN,2.12,"F9, F11"
file_809_System.Net.NetworkInformation.dll,BENIGN,1.5,"F9, F11"
file_80_Microsoft.Build.Tasks.dll,BENIGN,4.79,"F3, F9, F11"
file_810_System.Net.Ping.dll,BENIGN,1.68,"F9, F11"
file_811_System.Net.Primitives.dll,BENIGN,1.82,"F9, F11"
file_812_System.Net.Requests.dll,BENIGN,1.78,"F9, F11"
file_813_System.Net.Security.dll,BENIGN,1.94,"F9, F11"
file_814_System.Net.Sockets.dll,BENIGN,1.57,"F9, F11"
file_815_System.Net.WebHeaderCollection.dll,BENIGN,1.73,"F9, F11"
file_816_System.Net.WebSockets.dll,BENIGN,1.73,"F9, F11"
file_817_System.Net.WebSockets.Client.dll,BENIGN,1.69,"F9, F11"
file_818_System.Numerics.dll,BENIGN,5.08,"F3, F9, F11"
file_819_System.Numerics.Vectors.dll,BENIGN,8.32,"F3, F9, F11"
file_81_Microsoft.Build.Tasks.v3.5.dll,BENIGN,4.57,"F3, F9, F11"
file_820_System.ObjectModel.dll,BENIGN,1.73,"F9, F11"
file_821_System.Reflection.dll,BENIGN,1.74,"F9, F11"
file_822_System.Reflection.context.dll,BENIGN,5.5,"F3, F9, F11"
file_823_System.Reflection.Emit.dll,BENIGN,1.7,"F9, F11"
file_824_System.Reflection.Emit.ILGeneration.dll,BENIGN,1.9,"F9, F11"
file_825_System.Reflection.Emit.Lightweight.dll,BENIGN,1.78,"F9, F11"
file_826_System.Reflection.Extensions.dll,BENIGN,9.09,"F3, F9, F11"
file_827_System.Reflection.Primitives.dll,BENIGN,1.92,"F9, F11"
file_828_System.Resources.Reader.dll,BENIGN,2.1,"F9, F11"
file_829_System.Resources.ResourceManager.dll,BENIGN,1.82,"F9, F11"
file_82_Microsoft.Build.Utilities.dll,BENIGN,-10.0,"F1, F9"
file_830_System.Resources.Writer.dll,BENIGN,2.11,"F9, F11"
file_831_System.Runtime.dll,BENIGN,-0.07,"F9, F11"
file_832_System.Runtime.Caching.dll,BENIGN,5.72,"F3, F9, F11"
file_833_System.Runtime.CompilerServices.VisualC.dll,BENIGN,2.05,"F9, F11"
file_834_System.Runtime.DurableInstancing.dll,BENIGN,14.04,"F3, F9, F11"
file_835_System.Runtime.Extensions.dll,BENIGN,1.89,"F9, F11"
file_836_System.Runtime.Handles.dll,BENIGN,1.81,"F9, F11"
file_837_System.Runtime.InteropServices.dll,BENIGN,1.08,"F9, F11"
file_838_System.Runtime.InteropServices.RuntimeInformation.dll,BENIGN,1.82,"F9, F11"
file_839_System.Runtime.InteropServices.WindowsRuntime.dll,BENIGN,2.08,"F9, F11"
file_83_Microsoft.Build.Utilities.v3.5.dll,BENIGN,-2.89,"F1, F3, F9"
file_840_System.Runtime.Numerics.dll,BENIGN,2.11,"F9, F11"
file_841_System.Runtime.Remoting.dll,BENIGN,6.08,"F3, F9, F11"
file_842_System.Runtime.Serialization.dll,BENIGN,15.87,"F3, F9, F11"
file_843_System.Runtime.Serialization.Formatters.dll,BENIGN,1.92,"F9, F11"
file_844_System.Runtime.Serialization.Formatters.Soap.dll,BENIGN,5.42,"F3, F9, F11"
file_845_System.Runtime.Serialization.Json.dll,BENIGN,1.75,"F9, F11"
file_846_System.Runtime.Serialization.Primitives.dll,BENIGN,2.1,"F9, F11"
file_847_System.Runtime.Serialization.Xml.dll,BENIGN,1.67,"F9, F11"
file_848_System.Runtime.WindowsRuntime.dll,BENIGN,13.94,"F3, F9, F11"
file_849_System.Runtime.WindowsRuntime.UI.Xaml.dll,BENIGN,-1.56,"F9, F11"
file_84_Microsoft.Ink.Resources.dll,BENIGN,-10.0,"F1, F9"
file_850_System.Security.dll,BENIGN,6.68,"F3, F9, F11"
file_851_System.Security.Claims.dll,BENIGN,1.73,"F9, F11"
file_852_System.Security.Cryptography.Algorithms.dll,BENIGN,1.71,"F9, F11"
file_853_System.Security.Cryptography.Csp.dll,BENIGN,1.81,"F9, F11"
file_854_System.Security.Cryptography.Encoding.dll,BENIGN,1.86,"F9, F11"
file_855_System.Security.Cryptography.Primitives.dll,BENIGN,1.98,"F9, F11"
file_856_System.Security.Cryptography.X509Certificates.dll,BENIGN,1.73,"F9, F11"
file_857_System.Security.Principal.dll,BENIGN,2.15,"F9, F11"
file_858_System.Security.SecureString.dll,BENIGN,8.92,"F3, F9, F11"
file_859_System.ServiceModel.dll,BENIGN,16.36,"F3, F9, F11"
file_85_Microsoft.JScript.dll,BENIGN,5.06,"F3, F9, F11"
file_860_System.ServiceModel.Activation.dll,BENIGN,13.92,"F3, F9, F11"
file_861_System.ServiceModel.Activities.dll,BENIGN,14.91,"F3, F9, F11"
file_862_System.ServiceModel.Channels.dll,BENIGN,6.25,"F3, F9, F11"
file_863_System.ServiceModel.Discovery.dll,BENIGN,15.39,"F3, F9, F11"
file_864_System.ServiceModel.Duplex.dll,BENIGN,1.84,"F9, F11"
file_865_System.ServiceModel.Http.dll,BENIGN,1.96,"F9, F11"
file_866_System.ServiceModel.Internals.dll,BENIGN,16.2,"F3, F9, F11"
file_867_System.ServiceModel.NetTcp.dll,BENIGN,2.03,"F9, F11"
file_868_System.ServiceModel.Primitives.dll,BENIGN,0.85,"F9, F11"
file_869_System.ServiceModel.Routing.dll,BENIGN,14.49,"F3, F9, F11"
file_86_Microsoft.ManagementConsole.dll,BENIGN,4.5,"F3, F9, F11"
file_870_System.ServiceModel.Security.dll,BENIGN,1.73,"F9, F11"
file_871_System.ServiceModel.ServiceMoniker40.dll,BENIGN,6.66,"F3, F9, F11"
file_872_System.ServiceModel.WasHosting.dll,BENIGN,5.59,"F3, F9, F11"
file_873_System.ServiceModel.Web.dll,BENIGN,15.46,"F3, F9, F11"
file_874_System.ServiceProcess.dll,BENIGN,5.74,"F3, F9, F11"
file_875_System.Speech.dll,BENIGN,3.79,"F3, F9, F11"
file_876_System.Text.Encoding.dll,BENIGN,1.95,"F9, F11"
file_877_System.Text.Encoding.Extensions.dll,BENIGN,1.77,"F9, F11"
file_878_System.Text.RegularExpressions.dll,BENIGN,1.85,"F9, F11"
file_879_System.Threading.dll,BENIGN,1.74,"F9, F11"
file_87_Microsoft.ManagementConsole.Resources.dll,BENIGN,-10.0,"F1, F9"
file_880_System.Threading.Overlapped.dll,BENIGN,1.78,"F9, F11"
file_881_System.Threading.Tasks.dll,BENIGN,1.44,"F9, F11"
file_882_System.Threading.Tasks.Parallel.dll,BENIGN,1.76,"F9, F11"
file_883_System.Threading.Thread.dll,BENIGN,1.73,"F9, F11"
file_884_System.Threading.ThreadPool.dll,BENIGN,1.75,"F9, F11"
file_885_System.Threading.Timer.dll,BENIGN,2.1,"F9, F11"
file_886_System.ValueTuple.dll,BENIGN,1.78,"F9, F11"
file_887_System.Web.Abstractions.dll,BENIGN,-0.17,"F9, F11"
file_888_System.Web.ApplicationServices.dll,BENIGN,-1.46,"F9, F11"
file_889_System.Web.DataVisualization.dll,BENIGN,4.55,"F3, F9, F11"
file_88_Microsoft.PowerShell.Commands.Diagnostics.dll,BENIGN,4.65,"F3, F9, F11"
file_890_System.Web.DataVisualization.Design.dll,BENIGN,5.53,"F3, F9, F11"
file_891_System.Web.DynamicData.dll,BENIGN,13.97,"F3, F9, F11"
file_892_System.Web.DynamicData.Design.dll,BENIGN,-2.37,"F9, F11"
file_893_System.Web.Entity.dll,BENIGN,5.11,"F3, F9, F11"
file_894_System.Web.Entity.Design.dll,BENIGN,4.47,"F3, F9, F11"
file_895_System.Web.Extensions.dll,BENIGN,14.42,"F3, F9, F11"
file_896_System.Web.Extensions.Design.dll,BENIGN,5.03,"F3, F9, F11"
file_897_System.Web.Mobile.dll,BENIGN,4.03,"F3, F9, F11"
file_898_System.Web.RegularExpressions.dll,BENIGN,-10.0,"F1, F9"
file_899_System.Web.Routing.dll,BENIGN,-0.43,"F9, F11"
file_89_Microsoft.PowerShell.Commands.Diagnostics.resources.dll,BENIGN,-10.0,"F1, F9"
file_8_splwow64.exe,BENIGN,52.79,"F3, F6, F9, F11"
file_900_System.Web.Services.dll,BENIGN,10.63,"F3, F9, F11"
file_901_System.Windows.dll,BENIGN,8.51,"F3, F9, F11"
file_902_System.Windows.Controls.Ribbon.dll,BENIGN,6.85,"F3, F9, F11"
file_903_System.Windows.Forms.dll,BENIGN,16.76,"F3, F9, F11"
file_904_System.Windows.Forms.DataVisualization.dll,BENIGN,4.51,"F3, F9, F11"
file_905_System.Windows.Forms.DataVisualization.Design.dll,BENIGN,5.06,"F3, F9, F11"
file_906_System.Windows.Input.Manipulations.dll,BENIGN,5.41,"F3, F9, F11"
file_907_System.Windows.Presentation.dll,BENIGN,5.99,"F3, F9, F11"
file_908_System.Workflow.Activities.dll,BENIGN,14.86,"F3, F9, F11"
file_909_System.Workflow.ComponentModel.dll,BENIGN,16.39,"F3, F9, F11"
file_90_Microsoft.PowerShell.Commands.Management.dll,BENIGN,4.42,"F3, F9, F11"
file_910_System.Workflow.Runtime.dll,BENIGN,13.55,"F3, F9, F11"
file_911_System.WorkflowServices.dll,BENIGN,15.98,"F3, F9, F11"
file_912_System.Xaml.dll,BENIGN,17.01,"F3, F9, F11"
file_913_System.Xaml.Hosting.dll,BENIGN,6.57,"F3, F9, F11"
file_914_System.XML.dll,BENIGN,18.16,"F3, F9, F11"
file_915_System.Xml.Linq.dll,BENIGN,6.04,"F3, F9, F11"
file_916_System.Xml.ReaderWriter.dll,BENIGN,1.69,"F9, F11"
file_917_System.Xml.Serialization.dll,BENIGN,-1.21,"F9, F11"
file_918_System.Xml.XDocument.dll,BENIGN,1.97,"F9, F11"
file_919_System.Xml.XmlDocument.dll,BENIGN,1.54,"F9, F11"
file_91_Microsoft.PowerShell.Commands.Management.Resources.dll,BENIGN,-10.0,"F1, F9"
file_920_System.Xml.XmlSerializer.dll,BENIGN,1.73,"F9, F11"
file_921_System.Xml.XPath.dll,BENIGN,1.87,"F9, F11"
file_922_System.Xml.XPath.XDocument.dll,BENIGN,9.04,"F3, F9, F11"
file_923_TaskScheduler.dll,BENIGN,15.04,"F3, F9, F11"
file_924_TaskScheduler.resources.dll,BENIGN,19.11,"F3, F9, F11"
file_925_UIAutomationClient.dll,BENIGN,6.02,"F3, F9, F11"
file_926_UIAutomationClientsideProviders.dll,BENIGN,6.59,"F3, F9, F11"
file_927_UIAutomationProvider.dll,BENIGN,-2.56,"F9, F11"
file_928_UIAutomationTypes.dll,BENIGN,4.99,"F3, F9, F11"
file_929_Windows.Help.Runtime.dll,BENIGN,6.08,"F3, F9, F11"
file_92_Microsoft.PowerShell.Commands.Utility.dll,BENIGN,-10.0,"F1, F9"
file_930_WindowsBase.dll,BENIGN,17.7,"F3, F9, F11"
file_931_WindowsFormsIntegration.dll,BENIGN,5.79,"F3, F9, F11"
file_932_WsatConfig.exe,BENIGN,4.46,"F3, F9, F11"
file_933_XamlBuildTask.dll,BENIGN,6.21,"F3, F9, F11"
file_934_XsdBuildTask.dll,BENIGN,5.06,"F3, F9, F11"
file_935_Microsoft.DirectX.AudioVideoPlayback.dll,BENIGN,0.05,"F3, F11"
file_936_Microsoft.DirectX.Diagnostics.dll,BENIGN,-8.06,"F1, F3"
file_937_Microsoft.DirectX.Direct3D.dll,BENIGN,0.26,"F3, F11"
file_938_Microsoft.DirectX.Direct3DX.dll,BENIGN,14.54,"F3, F11"
file_939_Microsoft.DirectX.DirectDraw.dll,BENIGN,-0.4,"F3, F11"
file_93_Microsoft.PowerShell.Commands.Utility.Resources.dll,BENIGN,-10.0,"F1, F9"
file_940_Microsoft.DirectX.DirectInput.dll,BENIGN,1.28,"F3, F11"
file_941_Microsoft.DirectX.DirectPlay.dll,BENIGN,-0.68,"F3, F11"
file_942_Microsoft.DirectX.DirectSound.dll,BENIGN,0.73,"F3, F11"
file_943_Microsoft.DirectX.dll,BENIGN,10.4,"F3, F11"
file_944_Microsoft.DirectX.Direct3DX.dll,BENIGN,14.86,"F3, F11"
file_945_Microsoft.DirectX.Direct3DX.dll,BENIGN,0.85,"F3, F11"
file_946_Microsoft.DirectX.Direct3DX.dll,BENIGN,0.92,"F3, F11"
file_947_Microsoft.DirectX.Direct3DX.dll,BENIGN,0.86,"F3, F11"
file_948_Microsoft.DirectX.Direct3DX.dll,BENIGN,0.87,"F3, F11"
file_949_Microsoft.DirectX.Direct3DX.dll,BENIGN,0.86,"F3, F11"
file_94_Microsoft.PowerShell.ConsoleHost.dll,BENIGN,4.64,"F3, F9, F11"
file_950_Microsoft.DirectX.Direct3DX.dll,BENIGN,0.85,"F3, F11"
file_951_Microsoft.DirectX.Direct3DX.dll,BENIGN,0.88,"F3, F11"
file_952_Microsoft.DirectX.Direct3DX.dll,BENIGN,0.87,"F3, F11"
file_953_NETFXSBS10.exe,BENIGN,8.78,"F3, F9, F11"
file_954_sbscmp10.dll,BENIGN,-10.0,"F1, F9"
file_955_sbscmp20_mscorwks.dll,BENIGN,-10.0,"F1, F9"
file_956_sbscmp20_perfcounter.dll,BENIGN,-10.0,"F1, F9"
file_957_sbs_diasymreader.dll,BENIGN,-10.0,"F1, F9"
file_958_sbs_iehost.dll,BENIGN,7.23,"F3, F9, F11"
file_959_sbs_microsoft.jscript.dll,BENIGN,-10.0,"F1, F9"
file_95_Microsoft.PowerShell.ConsoleHost.Resources.dll,BENIGN,-10.0,"F1, F9"
file_960_sbs_microsoft.vsa.vb.codedomprocessor.dll,BENIGN,7.23,"F3, F9, F11"
file_961_sbs_mscordbi.dll,BENIGN,-10.0,"F1, F9"
file_962_sbs_mscorrc.dll,BENIGN,-10.0,"F1, F9"
file_963_sbs_mscorsec.dll,BENIGN,-10.0,"F1, F9"
file_964_sbs_system.configuration.install.dll,BENIGN,-10.0,"F1, F9"
file_965_sbs_system.data.dll,BENIGN,-10.0,"F1, F9"
file_966_sbs_system.enterpriseservices.dll,BENIGN,-10.0,"F1, F9"
file_967_sbs_VsaVb7rt.dll,BENIGN,7.23,"F3, F9, F11"
file_968_sbs_wminet_utils.dll,BENIGN,-10.0,"F1, F9"
file_969_SharedReg12.dll,BENIGN,-10.0,"F1, F9"
file_96_Microsoft.PowerShell.Security.dll,BENIGN,-10.0,"F1, F9"
file_970_mscormmc.dll,BENIGN,6.91,"F3, F9, F11"
file_971_AppLaunch.exe,BENIGN,8.68,"F3, F9, F11"
file_972_aspnet_compiler.exe,BENIGN,-10.0,"F1, F9"
file_973_aspnet_regbrowsers.exe,BENIGN,-10.0,"F1, F9"
file_974_aspnet_regiis.exe,BENIGN,7.93,"F3, F9, F11"
file_975_aspnet_regsql.exe,BENIGN,4.87,"F3, F9, F11"
file_976_aspnet_state.exe,BENIGN,8.76,"F3, F9, F11"
file_977_aspnet_wp.exe,BENIGN,9.56,"F3, F9, F11"
file_978_CasPol.exe,BENIGN,-10.0,"F1, F9"
file_979_csc.exe,BENIGN,6.93,"F3, F9, F11"
file_97_Microsoft.PowerShell.Security.Resources.dll,BENIGN,-10.0,"F1, F9"
file_980_cvtres.exe,BENIGN,8.79,"F3, F9, F11"
file_981_dfsvc.exe,BENIGN,-10.0,"F1, F9"
file_982_dw20.exe,BENIGN,8.03,"F3, F9, F11"
file_983_IEExec.exe,BENIGN,-3.07,"F1, F3, F9"
file_984_ilasm.exe,BENIGN,9.31,"F3, F9, F11"
file_985_InstallUtil.exe,BENIGN,-10.0,"F1, F9"
file_986_jsc.exe,BENIGN,-10.0,"F1, F9"
file_987_MSBuild.exe,BENIGN,-2.71,"F1, F3, F9"
file_988_mscorsvw.exe,BENIGN,8.49,"F3, F9, F11"
file_989_ngen.exe,BENIGN,8.42,"F3, F9, F11"
file_98_Microsoft.Transactions.Bridge.dll,BENIGN,4.37,"F3, F9, F11"
file_990_RegAsm.exe,BENIGN,-10.0,"F1, F9"
file_991_RegSvcs.exe,BENIGN,-10.0,"F1, F9"
file_992_regtlibv12.exe,BENIGN,4.61,"F3, F11"
file_993_vbc.exe,BENIGN,8.05,"F3, F9, F11"
file_994_Accessibility.dll,BENIGN,-2.78,"F1, F3, F9"
file_995_AdoNetDiag.dll,BENIGN,8.91,"F3, F9, F11"
file_996_alink.dll,BENIGN,17.8,"F3, F9, F11"
file_997_AspNetMMCExt.dll,BENIGN,-3.32,"F1, F3, F9"
file_998_aspnet_filter.dll,BENIGN,16.78,"F3, F9, F11"
file_999_aspnet_isapi.dll,BENIGN,8.05,"F3, F9, F11"
file_99_Microsoft.VisualBasic.dll,BENIGN,4.68,"F3, F9, F11"
file_9_TbtP2pShortcutService.exe,BENIGN,55.81,"F3, F6, F9, F11"

Average Score,,18.66,
